{
  "prusti-tests/tests/verify/pass/rosetta/Knuth_shuffle.rs": [
    2.3464136060000556,
    2.182113451999953,
    2.0511971970000786,
    2.0410901000000194,
    2.015453502000014,
    1.995740549000061,
    1.9540552660000685,
    1.954612089999955,
    1.9429822989999366,
    1.9433828019999737
  ],
  "prusti-tests/tests/verify/pass/demos/account.rs": [
    1.8165417339999976,
    1.8662840389999928,
    1.807724281999981,
    1.8586814790000972,
    1.8573091800000157,
    1.8213389519999055,
    1.8461287459999767,
    1.9329052250000132,
    1.823262166999939,
    1.8342847060000622
  ],
  "prusti-tests/tests/verify/pass/rosetta/Knights_tour.rs": [
    103.388457647,
    102.71191401700003,
    102.00407168099991,
    100.79187200000001,
    101.77971319900007,
    99.43219708600009,
    100.354272563,
    102.4589935649999,
    102.52121710300003,
    102.32368411499988
  ],
  "prusti-tests/tests/verify/pass/quick/fold-unfold.rs": [
    1.2295393779997994,
    1.222378352000078,
    1.221809192999899,
    1.238844190000009,
    1.2231182090001766,
    1.2160595000000285,
    1.208018931999959,
    1.215060891999883,
    1.2227871570000843,
    1.2176156129999072
  ],
  "prusti-tests/tests/verify/pass/quick/moves.rs": [
    1.4827048800000284,
    1.4841067019999628,
    1.5317174970000451,
    1.4642443459999868,
    1.4818153890000758,
    1.491177764999975,
    1.4613415569999688,
    1.4710799150000184,
    1.472001321999869,
    1.47474014300019
  ],
  "prusti-tests/tests/verify/pass/quick/mut-borrows.rs": [
    2.915798625999969,
    2.923596763999967,
    2.9462777279998136,
    2.9416094910000083,
    2.899570072000188,
    2.8928187209999123,
    3.0852646559999357,
    2.931997125999942,
    2.9395850559999417,
    2.91179193999983
  ],
  "prusti-tests/tests/verify/pass/quick/shared-borrows.rs": [
    1.8430184730000292,
    1.8382604349999383,
    1.859213901000203,
    1.8307771490001414,
    1.8555218980000063,
    1.8401330880001296,
    1.8586692210001274,
    1.8591037439998672,
    1.8328972389999763,
    1.850596276000033
  ],
  "prusti-tests/tests/verify/pass/quick/trait-contracts-refinement.rs": [
    1.560989225999947,
    1.5452302039998358,
    2.138475331999871,
    1.5395511199999419,
    1.5455385669999941,
    1.5757614050000939,
    1.5505167280000478,
    1.529839400000128,
    1.5848259839999628,
    1.5468228180000096
  ],
  "prusti-tests/tests/verify/pass/quick/routes.rs": [
    4.948770405999994,
    4.700626279000062,
    4.664559241999996,
    4.637809440999945,
    4.833055077000154,
    4.632386765000092,
    4.608482909000031,
    4.56300797200015,
    4.554714360999924,
    4.589439351999999
  ],
  "prusti-tests/tests/verify/pass/quick/fibonacci.rs": [
    5.934003751999853,
    6.05130198300003,
    6.248250803000019,
    5.9519483019998916,
    5.969187893000026,
    6.21132488000012,
    5.96176903300011,
    6.020195862000037,
    5.88471804400001,
    5.953864860000067
  ],
  "prusti-tests/tests/verify/pass/pure-fn/len-lookup.rs": [
    3.5423166129999117,
    3.4224491160000525,
    3.3925121190000027,
    3.3735543929999494,
    3.3875920109999242,
    3.391348676000007,
    3.360616145999984,
    3.478120518999958,
    3.3641812710000067,
    3.3327998689999276
  ],
  "prusti-tests/tests/verify/pass/pure-fn/quantifiers.rs": [
    2.156459883000025,
    2.14493799700017,
    2.122194129000036,
    2.0973657710001135,
    2.212058533000345,
    2.743420428999798,
    2.0984866459998557,
    2.17004456199993,
    2.0987536279999404,
    2.1321815780002
  ],
  "prusti-tests/tests/verify/pass/pure-fn/recursive-pure-fn.rs": [
    1.9362056130003111,
    1.9349215050001476,
    1.8605605470002047,
    1.8587091330000476,
    1.9029431580001983,
    1.8550891960003355,
    1.8471412369999598,
    1.8540664890001608,
    1.8297416249997696,
    1.8994159899998522
  ],
  "prusti-tests/tests/verify/pass/pure-fn/ref-mut-arg.rs": [
    2.7902386920000026,
    2.7263025110000854,
    2.8284939160002978,
    2.8778212910001457,
    2.7581087010003102,
    2.8027967339999122,
    2.7361926270000367,
    2.7458256119998623,
    2.852560257999812,
    2.818848201000037
  ],
  "prusti-tests/tests/verify/pass/rosetta/Ackermann_function.rs": [
    1.8696659610000097,
    1.8606003949998922,
    1.8215815979997387,
    1.8346645980000176,
    1.8728919889999815,
    1.8445376229997237,
    1.8362181490001603,
    1.8496868590000304,
    1.8636615720001828,
    1.8479366749998007
  ],
  "prusti-tests/tests/verify/pass/rosetta/Heapsort.rs": [
    9.47529303600004,
    9.624203801000021,
    9.60115800099993,
    9.655138108999836,
    9.291608000999986,
    9.305614875999709,
    9.368399752000187,
    9.400681861000066,
    9.551488802999756,
    9.176133301999926
  ]
}