{
  "prusti-tests/tests/verify/pass/rosetta/Knuth_shuffle.rs": [
    2.680409024000028,
    0.3731642410000404,
    0.3542521919999899,
    0.35466099500001746,
    0.36315496199995323,
    0.35741381699995145,
    0.3572896150000133,
    0.3613560129999769,
    0.35309332099996027,
    0.3552142369999274
  ],
  "prusti-tests/tests/verify/pass/demos/account.rs": [
    2.160897142999943,
    0.13424809699995421,
    0.1356887069999857,
    0.13352119099999982,
    0.134145295000053,
    0.13195347999999285,
    0.13364729300008094,
    0.1341224960000318,
    0.13236168200000975,
    0.13209238000001733
  ],
  "prusti-tests/tests/verify/pass/rosetta/Knights_tour.rs": [
    92.36248204499998,
    2.559571308000045,
    2.566415662000054,
    2.5612623389999953,
    2.5558154169999625,
    2.5568236249999927,
    2.5780634999999847,
    2.5547267480000073,
    2.551513976000024,
    2.5608413469999505
  ],
  "prusti-tests/tests/verify/pass/quick/fold-unfold.rs": [
    1.2518303439999272,
    0.10338018700008433,
    0.10281258300005902,
    0.10367108899993127,
    0.10252748100003828,
    0.10317998600010014,
    0.10381279099999574,
    0.10348938799995722,
    0.10255238100000952,
    0.10349188800000775
  ],
  "prusti-tests/tests/verify/pass/quick/moves.rs": [
    1.510945807999974,
    0.095864430000006,
    0.09666853600003833,
    0.09600373099999615,
    0.09566772899995613,
    0.09672173600006317,
    0.09699903899991114,
    0.0960089310000285,
    0.09740304199999628,
    0.09592513100005817
  ],
  "prusti-tests/tests/verify/pass/quick/mut-borrows.rs": [
    2.9190293340000153,
    0.1663256670000237,
    0.1675377760000174,
    0.16421615000001566,
    0.16636946699998134,
    0.16467505399998572,
    0.16469465399995897,
    0.16586726399998497,
    0.16427285700001448,
    0.16453315900002963
  ],
  "prusti-tests/tests/verify/pass/quick/shared-borrows.rs": [
    1.8556233990000237,
    0.09616823600003954,
    0.10036266800000249,
    0.09886895700003606,
    0.09793875000002572,
    0.09872035599994433,
    0.09833705200003351,
    0.09918995900000027,
    0.09874405599998681,
    0.0993187599999601
  ],
  "prusti-tests/tests/verify/pass/quick/trait-contracts-refinement.rs": [
    1.7951231370000187,
    0.14553351300003214,
    0.14436870499991983,
    0.14259069100000943,
    0.14279499299993859,
    0.14314469500004634,
    0.1440747020000117,
    0.1431967959999838,
    0.14235848900000292,
    0.14183928500006004
  ],
  "prusti-tests/tests/verify/pass/quick/routes.rs": [
    5.422023309999872,
    0.36186037099992063,
    0.3552165200001127,
    0.3567055319999781,
    0.3568758330000037,
    0.3544367140000304,
    0.3545568149997962,
    0.35576512499983437,
    0.3551362200000767,
    0.3556352240000251
  ],
  "prusti-tests/tests/verify/pass/quick/fibonacci.rs": [
    0.37862579900001947,
    0.37779939300003207,
    0.38402864099998624,
    0.37564273999987563,
    0.37628783900004237,
    0.3843456000001879,
    0.37842035599987867,
    0.375592633999986,
    0.39602408799987643,
    0.38355149400013033
  ],
  "prusti-tests/tests/verify/pass/pure-fn/len-lookup.rs": [
    3.75138730499998,
    0.22312848299998223,
    0.2229585820000466,
    0.22257347899994784,
    0.22595530500007044,
    0.2188834510000106,
    0.22039866299996902,
    0.2190630529998998,
    0.21935466099989753,
    0.22724432499990144
  ],
  "prusti-tests/tests/verify/pass/pure-fn/quantifiers.rs": [
    2.28124461099992,
    0.21367402200007746,
    0.19650869199995213,
    0.1952322820000063,
    0.1980995039998561,
    0.1950229799999761,
    0.19627778900007797,
    0.1947036770000068,
    0.1966770930000621,
    0.19358716900001127
  ],
  "prusti-tests/tests/verify/pass/pure-fn/recursive-pure-fn.rs": [
    1.9244284030000927,
    0.1516428510001333,
    0.1524782569999843,
    0.1523313559998769,
    0.15306646099998034,
    0.1507906440001534,
    0.15072504300019318,
    0.15098394599999665,
    0.14884843000004366,
    0.15048804200000632
  ],
  "prusti-tests/tests/verify/pass/pure-fn/ref-mut-arg.rs": [
    2.8881085570001233,
    0.19489478199989207,
    0.19431577799991828,
    0.19262326400007623,
    0.1920441600000231,
    0.19337517099984325,
    0.1917089579999356,
    0.1934923709998202,
    0.19672629599995162,
    0.19338637100008782
  ],
  "prusti-tests/tests/verify/pass/rosetta/Ackermann_function.rs": [
    1.9589625959999921,
    0.2401792260000093,
    0.24174453800014817,
    0.2388842160000877,
    0.2374924060000012,
    0.24116803400011122,
    0.23573689299996659,
    0.23591839400000936,
    0.23955726799999866,
    0.2402371860000585
  ],
  "prusti-tests/tests/verify/pass/rosetta/Heapsort.rs": [
    10.274031219000108,
    1.0634214340000199,
    1.0609120149999853,
    1.06540125000015,
    1.06438424199996,
    1.0593554029999268,
    1.0601963809999688,
    1.0613529889999427,
    1.058704368000008,
    1.0611037869998654
  ]
}