{
  "prusti-tests/tests/verify/pass/rosetta/Knuth_shuffle.rs": [
    2.6285651599999937,
    0.32065610899996955,
    0.32155581999995775,
    0.32061030800002754,
    0.32014131000005364,
    0.3208613189999596,
    0.3205699160000677,
    0.32060581700000057,
    0.3183281879998958,
    0.31906629700006306
  ],
  "prusti-tests/tests/verify/pass/demos/account.rs": [
    2.2107129949999944,
    0.12695889100007207,
    0.12878231299998788,
    0.12541417099998853,
    0.12423035599999821,
    0.12373975000002702,
    0.12282633900008477,
    0.1246545620000461,
    0.12465526100004354,
    0.1237551499999654
  ],
  "prusti-tests/tests/verify/pass/rosetta/Knights_tour.rs": [
    105.81124005499998,
    2.1996861239999816,
    2.1943522880000046,
    2.199055747999978,
    2.1868606909999926,
    2.1918849040000623,
    2.1938371670000834,
    2.187040281999998,
    2.192692739999984,
    2.1921351769999546
  ],
  "prusti-tests/tests/verify/pass/quick/fold-unfold.rs": [
    1.284122314000001,
    0.0978241349999962,
    0.09615061399995284,
    0.09703282500004207,
    0.09535410399996636,
    0.09817593899992971,
    0.09702572499998041,
    0.09649991900005261,
    0.09705282499999157,
    0.09588840999992954
  ],
  "prusti-tests/tests/verify/pass/quick/moves.rs": [
    1.5463577240000177,
    0.09355218099995,
    0.09361548200001835,
    0.09364318200005073,
    0.09332557800007635,
    0.09292157400000178,
    0.09266506999995272,
    0.09278817100005199,
    0.0927657710000176,
    0.09438599200007047
  ],
  "prusti-tests/tests/verify/pass/quick/mut-borrows.rs": [
    2.979724440000041,
    0.15039071399996828,
    0.14955330299994785,
    0.1481956860000082,
    0.1494063019999885,
    0.15043511500005025,
    0.15107872200007932,
    0.1518500329999597,
    0.1518455330000279,
    0.1418062050000799
  ],
  "prusti-tests/tests/verify/pass/quick/shared-borrows.rs": [
    1.7712763440000572,
    0.09250887799998964,
    0.08895383200001561,
    0.08939463800004432,
    0.09119606000001568,
    0.08959914100000788,
    0.09310588499999994,
    0.09029314899999008,
    0.09124186100007137,
    0.09125736199996481
  ],
  "prusti-tests/tests/verify/pass/quick/trait-contracts-refinement.rs": [
    1.5493399200000795,
    0.12473788700003752,
    0.13007845599997836,
    0.12461908600005245,
    0.12379406499997003,
    0.12352576099999624,
    0.12338575800004037,
    0.12477557599993361,
    0.12454547400000138,
    0.1242124689999855
  ],
  "prusti-tests/tests/verify/pass/quick/routes.rs": [
    5.120083572999988,
    0.30160560900003475,
    0.3015668089999508,
    0.30205641600002764,
    0.3303090719999773,
    0.29799006400003236,
    0.3000716899999816,
    0.2978414619999512,
    0.32541810899999746,
    0.3265909230000261
  ],
  "prusti-tests/tests/verify/pass/quick/fibonacci.rs": [
    0.34178351599996404,
    0.3112636299999849,
    0.30705257700003585,
    0.31212824099998215,
    0.34797749400001976,
    0.3424033240000881,
    0.341495612000017,
    0.34660217600003307,
    0.3445929510000951,
    0.341832515999954
  ],
  "prusti-tests/tests/verify/pass/pure-fn/len-lookup.rs": [
    3.561607171999981,
    0.205455794000045,
    0.2034055689999832,
    0.20487437899998895,
    0.20530148199998166,
    0.2046250720001126,
    0.20256084699997245,
    0.18392841299998963,
    0.18699435099995299,
    0.1877731600000061
  ],
  "prusti-tests/tests/verify/pass/pure-fn/quantifiers.rs": [
    2.089836476000073,
    0.17023474099994473,
    0.16747070499991423,
    0.17833174200006852,
    0.18070807200001582,
    0.16855292000002464,
    0.17894434900006218,
    0.16856222000001253,
    0.18297019999999975,
    0.181657284000039
  ],
  "prusti-tests/tests/verify/pass/pure-fn/recursive-pure-fn.rs": [
    1.9225367729999334,
    0.14719825099996342,
    0.14104917400004524,
    0.14095537200000763,
    0.1444216160000451,
    0.14146857899993392,
    0.143250600999977,
    0.1425915930000201,
    0.1436406039999838,
    0.14309059400000024
  ],
  "prusti-tests/tests/verify/pass/pure-fn/ref-mut-arg.rs": [
    2.9357769000000644,
    0.1772717220000004,
    0.17775872799995796,
    0.1762521089999609,
    0.178464536999968,
    0.1771533209999916,
    0.17900054400001864,
    0.1761783080000896,
    0.17511829500006115,
    0.1751319950000152
  ],
  "prusti-tests/tests/verify/pass/rosetta/Ackermann_function.rs": [
    2.103748471000017,
    0.22099896999998236,
    0.2111557470000207,
    0.21109884600002715,
    0.20919792200004395,
    0.21085684299998775,
    0.21123625199993512,
    0.20994474400004037,
    0.21132776199999626,
    0.2109633569999687
  ],
  "prusti-tests/tests/verify/pass/rosetta/Heapsort.rs": [
    10.163536782000051,
    0.9341762589999689,
    0.9318355289999545,
    0.9301908080000203,
    0.931148220999944,
    0.9334688500000539,
    0.9359421969999175,
    0.9346654989999479,
    0.9367259240000294,
    0.9321589669999639
  ]
}