{
  "prusti-tests/tests/verify/pass/rosetta/Knuth_shuffle.rs": [
    2.433914259000062,
    0.3377267570000413,
    0.3357693659999086,
    0.33963044699999045,
    0.33792245600000115,
    0.34021494500007066,
    0.33764905700002146,
    0.33630666300007306,
    0.335431367999945,
    0.33647516199994243
  ],
  "prusti-tests/tests/verify/pass/demos/account.rs": [
    2.045623346999946,
    0.11952421799992408,
    0.11843802399994274,
    0.11854692299993985,
    0.11950151899998218,
    0.11869728900001064,
    0.11860187399997812,
    0.11951007000004665,
    0.1200712670000712,
    0.12034756599996399
  ],
  "prusti-tests/tests/verify/pass/rosetta/Knights_tour.rs": [
    87.23819408099996,
    2.489025747000028,
    2.490974402000006,
    2.4871242210000446,
    2.483297114000038,
    2.4885722740000347,
    2.484465294000074,
    2.4822289879999744,
    2.4902388229999133,
    2.4917940159999716
  ],
  "prusti-tests/tests/verify/pass/quick/fold-unfold.rs": [
    1.1984731989999773,
    0.0895654440000726,
    0.08885404800003016,
    0.09018874100001995,
    0.08937314500008142,
    0.08896734800009654,
    0.08943044500006181,
    0.08912984599999163,
    0.08921634499995434,
    0.08891324599994732
  ],
  "prusti-tests/tests/verify/pass/quick/moves.rs": [
    1.3845777289999432,
    0.0846964670000716,
    0.08641895800008115,
    0.08588306199999352,
    0.0853385640000397,
    0.0860020610000447,
    0.08553996399996322,
    0.08397747100002562,
    0.08491406600001028,
    0.08440276900000754
  ],
  "prusti-tests/tests/verify/pass/quick/mut-borrows.rs": [
    2.8016166920000387,
    0.14993383499995616,
    0.14926143799993952,
    0.1498734339999146,
    0.14786814500007495,
    0.14926623700000619,
    0.1500233339999113,
    0.1503098329999375,
    0.15041373199994723,
    0.15003733399998964
  ],
  "prusti-tests/tests/verify/pass/quick/shared-borrows.rs": [
    1.7420701009999675,
    0.08498736399997142,
    0.08461926599989056,
    0.0843403669999816,
    0.08443216699993172,
    0.08444486700000198,
    0.08446086699996158,
    0.08365297099999225,
    0.0844811669999217,
    0.08428876799996488
  ],
  "prusti-tests/tests/verify/pass/quick/trait-contracts-refinement.rs": [
    1.666836152999963,
    0.12982693399999334,
    0.13031863100002283,
    0.12899363899998662,
    0.12986613399993985,
    0.12882683899999847,
    0.12934693700003663,
    0.13042583200001445,
    0.1293943370000079,
    0.12957723600004556
  ],
  "prusti-tests/tests/verify/pass/quick/routes.rs": [
    5.071455856000057,
    0.33615411400000994,
    0.33634491300006175,
    0.3408968889999642,
    0.33480572199994185,
    0.334784222000053,
    0.336388812999985,
    0.3359795149999627,
    0.3356679169999097,
    0.335177520000002
  ],
  "prusti-tests/tests/verify/pass/quick/fibonacci.rs": [
    0.36039848600000823,
    0.36325507000003654,
    0.3621714759999577,
    0.36289197200005674,
    0.3642040659999566,
    0.3604250859999638,
    0.360705783999947,
    0.3630142719999867,
    0.36169917900008386,
    0.362687373999961
  ],
  "prusti-tests/tests/verify/pass/pure-fn/len-lookup.rs": [
    3.413734034000072,
    0.20741441099994518,
    0.20575152000003527,
    0.20867120400009753,
    0.2106004940000048,
    0.20586641900001723,
    0.20705021200001283,
    0.20722441200007324,
    0.20731591100002333,
    0.20626561599999604
  ],
  "prusti-tests/tests/verify/pass/pure-fn/quantifiers.rs": [
    2.082892059999949,
    0.18369393600005424,
    0.18132174799995937,
    0.18141214700006003,
    0.18231924299993807,
    0.18199784400007957,
    0.18056185199998254,
    0.18099064400007592,
    0.1828794940000762,
    0.18130680299998403
  ],
  "prusti-tests/tests/verify/pass/pure-fn/recursive-pure-fn.rs": [
    1.8185297939999145,
    0.13935073300001477,
    0.13878953599999022,
    0.1380139400000644,
    0.1378237410000338,
    0.13829223899995213,
    0.14003202900005363,
    0.1393409329999713,
    0.13820473900000252,
    0.13811963999989985
  ],
  "prusti-tests/tests/verify/pass/pure-fn/ref-mut-arg.rs": [
    2.7011955369999896,
    0.1822073979999459,
    0.17954371199994057,
    0.17913331400006882,
    0.18001510900000994,
    0.18046950699999798,
    0.17913941400001931,
    0.1799424089999775,
    0.18050620700000763,
    0.17938871199999085
  ],
  "prusti-tests/tests/verify/pass/rosetta/Ackermann_function.rs": [
    1.7917425900000126,
    0.22252409700001863,
    0.22268549600005372,
    0.22194360000003144,
    0.2213715030000003,
    0.22055970699989302,
    0.22077080599990495,
    0.22078820600006566,
    0.221646101000033,
    0.221703701000024
  ],
  "prusti-tests/tests/verify/pass/rosetta/Heapsort.rs": [
    9.462746261000007,
    1.0320928679999497,
    1.0284999879999077,
    1.0278161599999294,
    1.0316345889999639,
    1.0321838859999843,
    1.0293550030000915,
    1.0300995979999925,
    1.030680695000001,
    1.0294404019999774
  ]
}