{
  "prusti-tests/tests/verify/pass/rosetta/Knuth_shuffle.rs": [
    2.7045916009999473,
    0.29422574400007306,
    0.32489582400000927,
    0.2976636869999538,
    0.323371505999944,
    0.32705125100005716,
    0.3245609199999535,
    0.29683517699993445,
    0.3231244019999622,
    0.3243836180000699
  ],
  "prusti-tests/tests/verify/pass/demos/account.rs": [
    2.146296874999962,
    0.12113379599998098,
    0.12208100899999863,
    0.12220080999998117,
    0.12263431500002753,
    0.1231733219999569,
    0.1225918149999643,
    0.12411463299997649,
    0.1238129299999855,
    0.12372672900005455
  ],
  "prusti-tests/tests/verify/pass/rosetta/Knights_tour.rs": [
    108.62528054699999,
    1.9925013889999263,
    1.9878964459999224,
    1.992997908999996,
    1.9859631230000332,
    1.9834353909999436,
    1.985241791999897,
    1.9697374979999722,
    1.9679542769999898,
    1.9683525809999765
  ],
  "prusti-tests/tests/verify/pass/quick/fold-unfold.rs": [
    1.1767753180001819,
    0.09386425799993958,
    0.09383665800010021,
    0.09306844799993996,
    0.09416456200005996,
    0.09431596300009915,
    0.09293264699999781,
    0.0944444649999241,
    0.09682719500005987,
    0.09431656300012037
  ],
  "prusti-tests/tests/verify/pass/quick/moves.rs": [
    1.3676470739999331,
    0.11527362200013158,
    0.09204313600002934,
    0.09016111200003252,
    0.09085642099989855,
    0.09133012699999199,
    0.09259714199993141,
    0.08883459599996968,
    0.08814588799987177,
    0.08958210500009045
  ],
  "prusti-tests/tests/verify/pass/quick/mut-borrows.rs": [
    2.748363407999932,
    0.14184245000001283,
    0.14204475299993646,
    0.14044713299995237,
    0.1427087609999944,
    0.14600660099995366,
    0.145625796999866,
    0.14534439299995938,
    0.14449728299996423,
    0.14154614599988236
  ],
  "prusti-tests/tests/verify/pass/quick/shared-borrows.rs": [
    1.7026810120000846,
    0.08788777900008427,
    0.08791588000008232,
    0.08941449799999646,
    0.08850148700003047,
    0.09086471499995241,
    0.08645356100009849,
    0.08733647300005032,
    0.0876493760001722,
    0.08846098699996219
  ],
  "prusti-tests/tests/verify/pass/quick/trait-contracts-refinement.rs": [
    1.4883694790000845,
    0.12644595300002948,
    0.12683955800002877,
    0.125538841999969,
    0.1263090509999074,
    0.12566934300002686,
    0.12554144199998518,
    0.12577854500000285,
    0.128671279999935,
    0.12710446100004447
  ],
  "prusti-tests/tests/verify/pass/quick/routes.rs": [
    5.031948018000094,
    0.3047140590001618,
    0.3040539510000144,
    0.3041324519999762,
    0.30274893499995414,
    0.3046894589999738,
    0.30350344399994356,
    0.3017019230001097,
    0.30318784099995355,
    0.3040645510000104
  ],
  "prusti-tests/tests/verify/pass/quick/fibonacci.rs": [
    0.3180729240000346,
    0.3170042110000395,
    0.3207096570001795,
    0.31658220500003154,
    0.3172864149998986,
    0.3191578369999206,
    0.31633170300005986,
    0.31628590200011786,
    0.31674510700008796,
    0.31920753899999
  ],
  "prusti-tests/tests/verify/pass/pure-fn/len-lookup.rs": [
    3.376824885000133,
    0.20591314200009947,
    0.19401909499993053,
    0.19183436799994524,
    0.19308438300004127,
    0.19414789699999346,
    0.19549941300010687,
    0.19329398600007153,
    0.19356018899998162,
    0.19278287999986787
  ],
  "prusti-tests/tests/verify/pass/pure-fn/quantifiers.rs": [
    2.0909229119999964,
    0.17241932899992207,
    0.17134851500009063,
    0.17160601900013717,
    0.17008929899998293,
    0.17190992500013635,
    0.17032460599989463,
    0.17006090299992138,
    0.1693443940000634,
    0.17065401099989685
  ],
  "prusti-tests/tests/verify/pass/pure-fn/recursive-pure-fn.rs": [
    1.8237092500000927,
    0.13568857800009937,
    0.1340158570001222,
    0.1356177770001068,
    0.13608768299991425,
    0.13507026999991467,
    0.1342953599998964,
    0.13293674399983502,
    0.13575857899991206,
    0.13518787099997098
  ],
  "prusti-tests/tests/verify/pass/pure-fn/ref-mut-arg.rs": [
    2.6792624290001186,
    0.16707446600003095,
    0.16392572700010533,
    0.16414263000001483,
    0.16462973500006228,
    0.1639562279999609,
    0.163594921999902,
    0.16346242199983863,
    0.16314061699995364,
    0.16341542000009213
  ],
  "prusti-tests/tests/verify/pass/rosetta/Ackermann_function.rs": [
    1.790328436999971,
    0.19538531600005626,
    0.1948526099999981,
    0.19706503599991265,
    0.21532556299985117,
    0.1991270619998886,
    0.19999127300002328,
    0.19987617199990382,
    0.1990772609999567,
    0.19765934399993057
  ],
  "prusti-tests/tests/verify/pass/rosetta/Heapsort.rs": [
    9.556272960000115,
    0.8508706529999017,
    0.8411608329997762,
    0.8450647810000191,
    0.8495012340001722,
    0.8527088719999938,
    0.8434986580000441,
    0.8437703609999971,
    0.8442412669999158,
    0.8452176789999157
  ]
}