{
  "prusti-tests/tests/verify/pass/rosetta/Knuth_shuffle.rs": [
    2.745535319999931,
    0.3489071279999507,
    0.3361180429999422,
    0.33669034699994427,
    0.3286395939999238,
    0.3333487249999507,
    0.3322122170000057,
    0.32958089900000687,
    0.3307380070000363,
    0.33179251399997156
  ],
  "prusti-tests/tests/verify/pass/demos/account.rs": [
    2.2630891050000628,
    0.13301558800003477,
    0.1333488899999793,
    0.13374619299997903,
    0.13535130399998252,
    0.1307218730000841,
    0.13421199599997635,
    0.13391289300000153,
    0.13517130200000338,
    0.13361509200001365
  ],
  "prusti-tests/tests/verify/pass/rosetta/Knights_tour.rs": [
    105.38667645999999,
    2.218420851000019,
    2.2194209399999636,
    2.2199962449999475,
    2.215417514999899,
    2.2199789270000565,
    2.2169135000000324,
    2.230343687999948,
    2.233480276000023,
    2.2393199620000814
  ],
  "prusti-tests/tests/verify/pass/quick/fold-unfold.rs": [
    1.2602532139999312,
    0.10384185199995954,
    0.10402655299992603,
    0.10456495699997959,
    0.10340295000003152,
    0.10412945400003082,
    0.10541486199997507,
    0.10358435099999497,
    0.10398405299997648,
    0.10475555799996528
  ],
  "prusti-tests/tests/verify/pass/quick/moves.rs": [
    1.4828028119999317,
    0.10011412900007599,
    0.10125773599997956,
    0.10061093199999505,
    0.0999643280000555,
    0.10081303300000855,
    0.1013885360000586,
    0.09992112800000541,
    0.10203274100001636,
    0.10154093799997099
  ],
  "prusti-tests/tests/verify/pass/quick/mut-borrows.rs": [
    2.941269712999997,
    0.15816655899993748,
    0.1602137730000095,
    0.1612100790000568,
    0.1614744809999138,
    0.15996197100002973,
    0.1604593740000837,
    0.15771605600002658,
    0.16174408300003051,
    0.16035807399998703
  ],
  "prusti-tests/tests/verify/pass/quick/shared-borrows.rs": [
    1.8305558529999644,
    0.09793255600004613,
    0.09958576700000776,
    0.09795355599999311,
    0.0984893600000305,
    0.09909436400005234,
    0.09800545600000987,
    0.09829405699997551,
    0.09793875599996227,
    0.09815025700004298
  ],
  "prusti-tests/tests/verify/pass/quick/trait-contracts-refinement.rs": [
    1.5863187679999555,
    0.14029266700003973,
    0.14048806799996783,
    0.14175107799997022,
    0.14190217799989568,
    0.141883077999978,
    0.1414892749999126,
    0.14375109099989913,
    0.14277258399999937,
    0.14215508000006594
  ],
  "prusti-tests/tests/verify/pass/quick/routes.rs": [
    5.340798811000013,
    0.3403049450000708,
    0.3396696410000004,
    0.34168275500007894,
    0.3384263310000506,
    0.3407515970000077,
    0.33862608099991576,
    0.34416752200002065,
    0.3404471950000243,
    0.34348981699997694
  ],
  "prusti-tests/tests/verify/pass/quick/fibonacci.rs": [
    0.3586900279999554,
    0.35622521100003723,
    0.3594185339999285,
    0.3576588210000864,
    0.3581182240000089,
    0.35552390500004094,
    0.3589757309999868,
    0.3565703130000202,
    0.3591751319999048,
    0.3583333249999896
  ],
  "prusti-tests/tests/verify/pass/pure-fn/len-lookup.rs": [
    3.9100937829999793,
    0.22259901699999318,
    0.21912529400003677,
    0.21765568399996482,
    0.2189483920000157,
    0.21637377499996546,
    0.21518486700006179,
    0.2193250950000447,
    0.21586407099994176,
    0.21751668299998528
  ],
  "prusti-tests/tests/verify/pass/pure-fn/quantifiers.rs": [
    2.234361331999935,
    0.1956547340000725,
    0.19106680300001244,
    0.19110240300005898,
    0.19037589700008084,
    0.19151730600003702,
    0.19033389799994893,
    0.19280261500000506,
    0.19159250600000632,
    0.19043909800006986
  ],
  "prusti-tests/tests/verify/pass/pure-fn/recursive-pure-fn.rs": [
    1.9654273319999902,
    0.1482326139999941,
    0.15142463599988787,
    0.15050002999998924,
    0.14957232300002943,
    0.15037482900004306,
    0.14966172399999778,
    0.14772351099998104,
    0.14962032400001135,
    0.15102103400010947
  ],
  "prusti-tests/tests/verify/pass/pure-fn/ref-mut-arg.rs": [
    2.8458440749999454,
    0.18234134800002266,
    0.18507286600004136,
    0.18386435800005074,
    0.18446926199999325,
    0.18713888000002044,
    0.1886039900000469,
    0.1858462719999352,
    0.18734568200000012,
    0.1859795729999405
  ],
  "prusti-tests/tests/verify/pass/rosetta/Ackermann_function.rs": [
    1.9393361300000151,
    0.2207243020000078,
    0.21880738899994867,
    0.2230388180000773,
    0.220307000000048,
    0.2232846189999691,
    0.2187735889999658,
    0.2201928990000397,
    0.22071910199997546,
    0.21840328600001158
  ],
  "prusti-tests/tests/verify/pass/rosetta/Heapsort.rs": [
    9.845270572999993,
    0.9611828750000768,
    0.9518781120000313,
    0.9523858149999569,
    0.950429184000086,
    0.9515282200000001,
    0.9496605079999654,
    0.9510323169999992,
    0.9554094449999866,
    0.95677295400003
  ]
}