{
  "prusti-tests/tests/verify/pass/rosetta/Knuth_shuffle.rs": [
    2.8088992169999756,
    0.3868493549999812,
    0.38557763400001477,
    0.383831406000013,
    0.38579303799997433,
    0.3842607130000033,
    0.38846758099998624,
    0.3887286269999777,
    0.385076189000074,
    0.3865237109999953
  ],
  "prusti-tests/tests/verify/pass/demos/account.rs": [
    2.3967176350000727,
    0.14688390900005288,
    0.1458431930000188,
    0.14577349199998935,
    0.14580589299998792,
    0.14585449300000164,
    0.147519518000081,
    0.14341305599998577,
    0.1479799250000724,
    0.1460400960000925
  ],
  "prusti-tests/tests/verify/pass/rosetta/Knights_tour.rs": [
    121.90257335199999,
    2.6931502620000174,
    2.6801997600000504,
    2.687670672999957,
    6.2611507359999905,
    7.592377532,
    7.601515096999947,
    2.71603810900001,
    7.586617497999896,
    7.57765858200014
  ],
  "prusti-tests/tests/verify/pass/quick/fold-unfold.rs": [
    1.4083880539999427,
    0.11615556900005686,
    0.1174564890000056,
    0.11642837300018982,
    0.11628677100020468,
    0.11726268600000367,
    0.11680888000000778,
    0.11808309599996392,
    0.11419613599991862,
    0.11544305400002486
  ],
  "prusti-tests/tests/verify/pass/quick/moves.rs": [
    1.6056251040001825,
    0.11163809599997876,
    0.11668487399992955,
    0.11423283700014508,
    0.11751638700002331,
    0.11330282200015063,
    0.11114568900006816,
    0.11058378100005939,
    0.11332982199996877,
    0.11218520499983242
  ],
  "prusti-tests/tests/verify/pass/quick/mut-borrows.rs": [
    3.7379317140000694,
    0.1776907010000741,
    0.17868411600011314,
    0.17624227900000733,
    0.197226498000191,
    0.18532871699994757,
    0.17866141600006813,
    0.18240517200001705,
    0.18106405000003178,
    0.1783394080000562
  ],
  "prusti-tests/tests/verify/pass/quick/shared-borrows.rs": [
    1.9692893029998686,
    0.1071530269998675,
    0.10664961900010894,
    0.1076811349998934,
    0.10706392499992035,
    0.11343482200004473,
    0.10977236700000503,
    0.10976176599979226,
    0.1091450569999779,
    0.10956496400012838
  ],
  "prusti-tests/tests/verify/pass/quick/trait-contracts-refinement.rs": [
    1.7956456659999276,
    0.16287477299988495,
    0.15920121800013476,
    0.1660255210001651,
    0.1590995159999693,
    0.15723498700003802,
    0.15892931299981683,
    0.15609036999990167,
    0.1560717699999259,
    0.15884531200003948
  ],
  "prusti-tests/tests/verify/pass/quick/routes.rs": [
    5.246407410000074,
    0.40467146099990714,
    0.3785366629999771,
    0.3973729489998732,
    0.37571502000014334,
    0.37300927800015415,
    0.3820767170000181,
    0.37278287599997384,
    0.3936215930000344,
    0.37474080499987394
  ],
  "prusti-tests/tests/verify/pass/quick/fibonacci.rs": [
    0.4362945419998141,
    0.43531812400010494,
    0.4040969259999656,
    0.422759109000026,
    0.40539764599998307,
    0.40338581599985446,
    0.4043865300000107,
    0.4042373280001357,
    0.4048766380001325,
    0.40816998799982684
  ],
  "prusti-tests/tests/verify/pass/pure-fn/len-lookup.rs": [
    3.7681733259998964,
    0.2385550169999533,
    0.23952263099999982,
    0.23858191700014686,
    0.2588728309999624,
    0.24447114299982786,
    0.2514618499999415,
    0.23659262299997863,
    0.2377063389999421,
    0.2331379699999161
  ],
  "prusti-tests/tests/verify/pass/pure-fn/quantifiers.rs": [
    2.302418552000063,
    0.2105984240001817,
    0.23618401599992467,
    0.20910700100012036,
    0.2100206159998379,
    0.2089895990000059,
    0.20950100799996108,
    0.20758127800013426,
    0.2127563569999893,
    0.2225130070000887
  ],
  "prusti-tests/tests/verify/pass/pure-fn/recursive-pure-fn.rs": [
    1.9443387700000585,
    0.16960009700005685,
    0.16973229900008846,
    0.1693765939999139,
    0.16639873799999805,
    0.16663303300015286,
    0.16601102399999945,
    0.16621452699996553,
    0.16992838400005894,
    0.1725009219999265
  ],
  "prusti-tests/tests/verify/pass/pure-fn/ref-mut-arg.rs": [
    2.9365021440000874,
    0.2188574270001027,
    0.21823971800017716,
    0.22295848999988266,
    0.21741020499985098,
    0.21596278399988478,
    0.21285843600003318,
    0.21577868100007436,
    0.220294148999983,
    0.22174457100004474
  ],
  "prusti-tests/tests/verify/pass/rosetta/Ackermann_function.rs": [
    2.1501956899999186,
    0.25592788599988125,
    0.25454566400003387,
    0.2663166419999925,
    0.25516327300010744,
    0.27135091800005284,
    0.26167877199986833,
    0.2719993279999926,
    0.2555014779998146,
    0.2763224939999418
  ],
  "prusti-tests/tests/verify/pass/rosetta/Heapsort.rs": [
    10.763121041999966,
    1.115171465000003,
    1.1154626689999532,
    1.1160811600000216,
    1.115633624999873,
    1.1137599959999989,
    1.1139381979999143,
    1.114714309999954,
    1.115783927000166,
    1.1208096029999979
  ]
}