{
  "prusti-tests/tests/verify/pass/rosetta/Knuth_shuffle.rs": [
    2.8014441090000446,
    0.36285400500003107,
    0.3584671520000029,
    0.35741993900001034,
    0.36249420100000407,
    0.3615521939999553,
    0.36079948500002956,
    0.3629246109999258,
    0.3610804880000842,
    0.3583064550000472
  ],
  "prusti-tests/tests/verify/pass/demos/account.rs": [
    2.2453293890000623,
    0.12746674899995014,
    0.12635083599991503,
    0.12673423999990518,
    0.12675344000001587,
    0.12808645699999488,
    0.1264179359999389,
    0.12897066800007906,
    0.12691714299990053,
    0.12854926199997863
  ],
  "prusti-tests/tests/verify/pass/rosetta/Knights_tour.rs": [
    109.74994762100005,
    2.5851053290000436,
    2.5820830929999374,
    2.586850211000069,
    2.589703845000031,
    2.5866143069999907,
    2.5946148079999602,
    2.597499352,
    2.594851220999999,
    2.586085066999999
  ],
  "prusti-tests/tests/verify/pass/quick/fold-unfold.rs": [
    1.2324532910000698,
    0.09981231400001889,
    0.09722998299992014,
    0.09828649600001427,
    0.09869140000000698,
    0.0987916020000057,
    0.09844529700001203,
    0.09918390600000748,
    0.09727408399999149,
    0.0977381879999939
  ],
  "prusti-tests/tests/verify/pass/quick/moves.rs": [
    1.4767516619999697,
    0.09400924400006261,
    0.09274602900006812,
    0.09496015499996702,
    0.09446464899997409,
    0.09272562799992556,
    0.09493995499997254,
    0.09691807900003369,
    0.09473775300000398,
    0.09386844100004055
  ],
  "prusti-tests/tests/verify/pass/quick/mut-borrows.rs": [
    2.941654410000069,
    0.15814211599990813,
    0.15820241699998405,
    0.15683000000001357,
    0.15638119400000505,
    0.15832911799998328,
    0.15776561100005893,
    0.15753610799993112,
    0.1571064040000465,
    0.15591028899996218
  ],
  "prusti-tests/tests/verify/pass/quick/shared-borrows.rs": [
    1.7944754380000631,
    0.09220631700009108,
    0.09233441900005346,
    0.0911310039999762,
    0.09169601099995361,
    0.09233291800001098,
    0.09124130499992589,
    0.09125390600001992,
    0.09128800600001341,
    0.09282902399991144
  ],
  "prusti-tests/tests/verify/pass/quick/trait-contracts-refinement.rs": [
    1.726511715000015,
    0.13741246500001125,
    0.13750696599993262,
    0.1343851279999626,
    0.1382344749999902,
    0.13762756699998135,
    0.13610555099990052,
    0.1373331770000732,
    0.13805318599997918,
    0.13814768700001423
  ],
  "prusti-tests/tests/verify/pass/quick/routes.rs": [
    5.205247962000044,
    0.3458491229999936,
    0.34207587700007025,
    0.3415075699999761,
    0.344238904000008,
    0.3410366639999438,
    0.3398552500000278,
    0.34174978500004727,
    0.3435206379999727,
    0.34392024399994625
  ],
  "prusti-tests/tests/verify/pass/quick/fibonacci.rs": [
    0.37619235100009973,
    0.3792894890000298,
    0.3748126340000226,
    0.3763257530000601,
    0.38250373100004254,
    0.37222400100006325,
    0.372565805000022,
    0.37804267400008484,
    0.37865098199995373,
    0.3804479050000964
  ],
  "prusti-tests/tests/verify/pass/pure-fn/len-lookup.rs": [
    3.692845473000034,
    0.20972016899997925,
    0.2106534819999979,
    0.21221969999999146,
    0.21058988100003262,
    0.213626717000011,
    0.21219750000000204,
    0.20862145699993562,
    0.21176489499998752,
    0.21315601100002368
  ],
  "prusti-tests/tests/verify/pass/pure-fn/quantifiers.rs": [
    2.1827426459999515,
    0.19916204100002233,
    0.19255525899995973,
    0.18874851300006412,
    0.1920037529999945,
    0.18522806900000433,
    0.1859506789999159,
    0.1869436910000104,
    0.1846834629999421,
    0.18408705499996358
  ],
  "prusti-tests/tests/verify/pass/pure-fn/recursive-pure-fn.rs": [
    1.890716368000085,
    0.14485487499996452,
    0.14488388999996005,
    0.14580541999998786,
    0.14430089899997256,
    0.14516211099999055,
    0.14503320900007566,
    0.14417979800009562,
    0.14465050399996926,
    0.14529181299997163
  ],
  "prusti-tests/tests/verify/pass/pure-fn/ref-mut-arg.rs": [
    2.8423422189999883,
    0.1876314699999284,
    0.1911379160000024,
    0.18978049800000463,
    0.18840038099995127,
    0.19211502899997868,
    0.18957879599997796,
    0.18972319700003482,
    0.18774727200002417,
    0.19197372700000415
  ],
  "prusti-tests/tests/verify/pass/rosetta/Ackermann_function.rs": [
    1.9059250909999719,
    0.22991532699995787,
    0.22985867899990353,
    0.23167472700004055,
    0.22902269499991235,
    0.22671926700002132,
    0.22590135699999792,
    0.22674576700001126,
    0.22679466799991133,
    0.22763787899998533
  ],
  "prusti-tests/tests/verify/pass/rosetta/Heapsort.rs": [
    11.412890521000008,
    1.0713875840000355,
    1.0720139919999383,
    1.0680568809999613,
    1.0702959330000112,
    1.068691713000021,
    1.071046043000024,
    1.070253331999993,
    1.0703675339999563,
    1.0703827350000665
  ]
}