{
  "prusti-tests/tests/verify/pass/rosetta/Knuth_shuffle.rs": [
    2.4389319699999987,
    2.183679579999989,
    2.120716786999992,
    2.129000240000096,
    2.151253280999981,
    2.2485481119999804,
    2.271799359000056,
    2.181938890999959,
    2.3008812489999855,
    2.009569412000019
  ],
  "prusti-tests/tests/verify/pass/demos/account.rs": [
    1.8930176740000206,
    1.8860388299999613,
    1.8962127839999994,
    1.8764141450000125,
    1.9075361410000369,
    1.9134816779999255,
    1.867622406999999,
    1.86619606499994,
    1.8804785070000207,
    2.0286959399999205
  ],
  "prusti-tests/tests/verify/pass/rosetta/Knights_tour.rs": [
    109.43778332900001,
    111.71018122599992,
    122.6967212730001,
    107.29300258800004,
    116.29211320900004,
    114.90032166500009,
    112.87529946199993,
    111.90033722099997,
    114.91780117600001,
    114.73896791600009
  ],
  "prusti-tests/tests/verify/pass/quick/fold-unfold.rs": [
    1.431016591999878,
    1.4104815659998167,
    1.469172689000061,
    1.4375543849998849,
    1.4609029359999113,
    1.4417175119999683,
    1.3630355039999813,
    1.3413595609999902,
    1.3581769699999313,
    1.4382537760000105
  ],
  "prusti-tests/tests/verify/pass/quick/moves.rs": [
    1.6926370800001678,
    1.5961446710000473,
    1.6755100989998937,
    1.574049830000149,
    1.557344822999994,
    1.5831499870000698,
    1.6240524479999294,
    1.528033540000024,
    1.6266329869999936,
    1.5314665790001527
  ],
  "prusti-tests/tests/verify/pass/quick/mut-borrows.rs": [
    3.1181903120000243,
    3.120298049999974,
    3.1317670450000605,
    3.1626905430000534,
    3.2463877309999134,
    3.1953460980000727,
    3.1026311499999792,
    3.0828962729999603,
    3.1539877350001007,
    3.063648581000052
  ],
  "prusti-tests/tests/verify/pass/quick/shared-borrows.rs": [
    1.985893373999943,
    2.020627197000067,
    1.9849134860000959,
    2.0939134740001464,
    1.9270795940001335,
    1.96511584100017,
    2.0656312359999447,
    1.9872478790000514,
    2.0879314170001635,
    2.000008401000059
  ],
  "prusti-tests/tests/verify/pass/quick/trait-contracts-refinement.rs": [
    1.7841961179999544,
    1.6363977839998824,
    1.6595419100001436,
    1.7340540539998983,
    1.6568203550000362,
    1.6590413559999888,
    1.8471236630000476,
    1.8853853089999575,
    1.8637748629998896,
    1.9137922759998673
  ],
  "prusti-tests/tests/verify/pass/quick/routes.rs": [
    6.157332260999965,
    6.003563356999848,
    5.944655337000086,
    5.579162506000102,
    5.204713863999814,
    5.118382768000174,
    5.183377633999953,
    5.364510758000051,
    5.116592990000299,
    5.100161224000203
  ],
  "prusti-tests/tests/verify/pass/quick/fibonacci.rs": [
    6.613978425999903,
    6.872871222999947,
    6.680947726999875,
    6.741818408000199,
    6.4621618860001036,
    6.2876124740000705,
    6.4420890520000285,
    6.390950863000398,
    6.156374762999803,
    6.169321940999907
  ],
  "prusti-tests/tests/verify/pass/pure-fn/len-lookup.rs": [
    3.4590288090003014,
    3.571782534999784,
    3.5203233100000944,
    3.581728742999985,
    3.503941674000089,
    3.5486780199998975,
    3.489539135999621,
    3.7042938820000018,
    3.4410556549996727,
    3.576869619000263
  ],
  "prusti-tests/tests/verify/pass/pure-fn/quantifiers.rs": [
    2.2738915089998954,
    2.325886108999839,
    2.225423474999843,
    2.1374675600000046,
    2.205961245999788,
    2.4261640810000245,
    2.352278938999916,
    2.376852420999967,
    2.5572913940000035,
    2.3681264130000272
  ],
  "prusti-tests/tests/verify/pass/pure-fn/recursive-pure-fn.rs": [
    2.1852534110003035,
    2.1836473929997737,
    2.4979725959997268,
    2.5229425759998776,
    2.513326863999737,
    2.5594131800003197,
    2.437854992999746,
    2.3253956160001508,
    2.3105328480000935,
    2.31439824600011
  ],
  "prusti-tests/tests/verify/pass/pure-fn/ref-mut-arg.rs": [
    3.2604863160004243,
    3.301181839000037,
    3.1705954140002177,
    3.028079381000225,
    2.990901494999889,
    3.120133497000097,
    3.540837324000222,
    3.2039068580002095,
    2.990109405000112,
    2.955528580999726
  ],
  "prusti-tests/tests/verify/pass/rosetta/Ackermann_function.rs": [
    1.9226847350000753,
    1.9747160339998118,
    1.926161575000151,
    1.9277116349999233,
    1.9222454569999172,
    1.9417573820001053,
    2.077459239000291,
    1.8989661939999678,
    1.925077796000096,
    1.9508093909998934
  ],
  "prusti-tests/tests/verify/pass/rosetta/Heapsort.rs": [
    10.451446949000001,
    10.039085348999834,
    14.268712266999955,
    10.39794301999973,
    10.721500335999735,
    10.490071097000055,
    10.305787967000015,
    10.886773593999806,
    11.147757481000099,
    11.627668965999874
  ]
}