{
  "prusti-tests/tests/verify/pass/rosetta/Knuth_shuffle.rs": [
    2.165971357999979,
    1.9116021810000348,
    1.9045090789998085,
    1.902156677999983,
    1.8891755749998538,
    1.8934115750000728,
    1.9058083800000531,
    1.8593139649999557,
    1.8862520729999233,
    1.8498986619999869
  ],
  "prusti-tests/tests/verify/pass/demos/account.rs": [
    1.683513610999853,
    1.7131477200000518,
    1.750237832000039,
    1.6886542130000635,
    1.6777751090000947,
    1.6847396119999303,
    1.7032152180001958,
    1.7128999210001439,
    1.6674038080000173,
    1.6615266050000628
  ],
  "prusti-tests/tests/verify/pass/rosetta/Knights_tour.rs": [
    99.23733887699996,
    101.59318433200019,
    98.49466568399998,
    98.65434512299998,
    100.58569484899999,
    94.69835940000007,
    100.04211803700014,
    101.41318517600007,
    96.42765613199981,
    98.25996012999985
  ],
  "prusti-tests/tests/verify/pass/quick/fold-unfold.rs": [
    1.1791163610000694,
    1.1601916520003215,
    1.155172949000189,
    1.1566192230002343,
    1.1471716549999655,
    1.1498101530000895,
    1.1580780540002706,
    1.154832854000233,
    1.161525255000015,
    1.163937655999689
  ],
  "prusti-tests/tests/verify/pass/quick/moves.rs": [
    1.383264937000149,
    1.3829412730001422,
    1.393320675999803,
    1.3994101790003697,
    1.383519772999989,
    1.394469676999961,
    1.3932102210001176,
    1.4035744480001995,
    1.3847422339999866,
    1.3875553359998776
  ],
  "prusti-tests/tests/verify/pass/quick/mut-borrows.rs": [
    2.669940665000013,
    2.6741255090000777,
    2.6837614249998296,
    2.663398617999974,
    2.6676456169998346,
    2.6594268129997545,
    2.665872215000036,
    2.673705615000017,
    2.6600393100002293,
    2.672941615000127
  ],
  "prusti-tests/tests/verify/pass/quick/shared-borrows.rs": [
    1.716418085999976,
    1.7253182879999258,
    1.7145733850002216,
    1.699544878999859,
    1.6938515779997942,
    1.7064087779999682,
    1.7028414769997653,
    1.703337577000184,
    1.7094149790000301,
    1.7288442859999122
  ],
  "prusti-tests/tests/verify/pass/quick/trait-contracts-refinement.rs": [
    1.5511165230000188,
    1.529668216999653,
    1.5385230190004222,
    1.5210451140001169,
    1.5338054169997122,
    1.5158020110002326,
    1.5515285219998987,
    1.518920511000033,
    1.524158413999885,
    1.5121171089999734
  ],
  "prusti-tests/tests/verify/pass/quick/routes.rs": [
    4.373636470000292,
    4.140705157999946,
    4.066905885000324,
    4.0404879799998525,
    4.04497401000026,
    4.0849864880001405,
    4.04344126199976,
    4.012341446999926,
    4.040356232999784,
    4.05691789399998
  ],
  "prusti-tests/tests/verify/pass/quick/fibonacci.rs": [
    5.122173997000118,
    5.136997839000287,
    5.157642570000007,
    5.15842107599974,
    5.130739239999912,
    5.087834566999845,
    5.122914947000027,
    5.065250868000021,
    5.110002864999842,
    5.113359004999893
  ],
  "prusti-tests/tests/verify/pass/pure-fn/len-lookup.rs": [
    3.010713133000081,
    3.0123461569996834,
    2.996568966999803,
    3.004002569000022,
    3.020254508999642,
    3.01228724900011,
    2.993430897000053,
    3.0436511560001236,
    3.08003367099991,
    2.9765116599996873
  ],
  "prusti-tests/tests/verify/pass/pure-fn/quantifiers.rs": [
    1.9029277140002705,
    1.8832345030000397,
    1.8779105779999554,
    1.8510595519996969,
    1.871156214000166,
    1.853615222999906,
    1.861118321000049,
    1.8492413439998927,
    1.8492971420000686,
    1.859811334999904
  ],
  "prusti-tests/tests/verify/pass/pure-fn/recursive-pure-fn.rs": [
    1.6510002529998928,
    1.6861431669999547,
    1.734123510000245,
    1.6868436469999324,
    1.6712586469998314,
    1.6700941740000417,
    1.6768936119997306,
    1.655950632999975,
    1.6926384620001045,
    1.6814512529999774
  ],
  "prusti-tests/tests/verify/pass/pure-fn/ref-mut-arg.rs": [
    2.4487577700001566,
    2.4707990699998845,
    2.446188257999893,
    2.427909942000042,
    2.4215334749997055,
    2.4210585400001037,
    2.4395745550000356,
    2.423928240999885,
    2.4834486869999637,
    2.472182377000081
  ],
  "prusti-tests/tests/verify/pass/rosetta/Ackermann_function.rs": [
    1.7967198369997277,
    1.727345145000072,
    1.7147716540002875,
    1.703969044999667,
    1.6980715409999902,
    1.6977452500000254,
    1.7219489939998311,
    1.6942636190001394,
    1.7021682909999072,
    1.7132916010000372
  ],
  "prusti-tests/tests/verify/pass/rosetta/Heapsort.rs": [
    9.586715361000188,
    9.59377193599994,
    9.64439981400028,
    9.49758073799967,
    9.463722192000205,
    9.442261267000049,
    9.456005256000026,
    9.458747966999908,
    9.44437023599994,
    9.450296523000361
  ]
}