{
  "prusti-tests/tests/verify/pass/rosetta/Knuth_shuffle.rs": [
    2.6287332099999503,
    0.35070476300006703,
    0.35063076200003707,
    0.35074376199997914,
    0.35055746099999396,
    0.34906375399998524,
    0.3492401549999613,
    0.34770854800001416,
    0.3502449599999409,
    0.352241170999946
  ],
  "prusti-tests/tests/verify/pass/demos/account.rs": [
    2.1711144109999623,
    0.13371747200005757,
    0.1288224470000614,
    0.12697153900001013,
    0.12642823500004852,
    0.12791064299995014,
    0.12720183900000848,
    0.12653793499998756,
    0.12696703799997522,
    0.12789014299994506
  ],
  "prusti-tests/tests/verify/pass/rosetta/Knights_tour.rs": [
    91.99040847599997,
    2.539591274999907,
    2.54067107700007,
    2.5436206919999904,
    2.5380121010000494,
    2.5320117539999956,
    2.538490786000011,
    2.5358942950000483,
    2.538952154999947,
    2.540959054000041
  ],
  "prusti-tests/tests/verify/pass/quick/fold-unfold.rs": [
    1.2631155409999337,
    0.09838119400001233,
    0.09881739599995853,
    0.09848129500005598,
    0.09881419600003483,
    0.09723378800003957,
    0.09830179400000816,
    0.09723228799998651,
    0.09779619099992942,
    0.10107880800001112
  ],
  "prusti-tests/tests/verify/pass/quick/moves.rs": [
    1.468971177999947,
    0.09360771900003328,
    0.09620294400008333,
    0.09512767500007158,
    0.09552106399996774,
    0.09581295499992848,
    0.09423770000000786,
    0.09634664000009252,
    0.09496927999998661,
    0.0935043219999443
  ],
  "prusti-tests/tests/verify/pass/quick/mut-borrows.rs": [
    2.9069988610000337,
    0.15790559200002008,
    0.15659988599998087,
    0.15719339000008858,
    0.15845489499997711,
    0.15743008999993435,
    0.15746189000003596,
    0.15955830099994728,
    0.15888689799999156,
    0.15878689699991355
  ],
  "prusti-tests/tests/verify/pass/quick/shared-borrows.rs": [
    1.8210305439999956,
    0.09283382199998869,
    0.09254052400001456,
    0.0920771280000281,
    0.09156383200001983,
    0.09243582500005232,
    0.09176503099990896,
    0.09295472199994492,
    0.09330811899997116,
    0.09314311999992242
  ],
  "prusti-tests/tests/verify/pass/quick/trait-contracts-refinement.rs": [
    1.7748603479999474,
    0.13613320600006773,
    0.13601690699999835,
    0.13813299200000984,
    0.13608380699997724,
    0.1371248000000378,
    0.1359081470000092,
    0.13542547900010504,
    0.13669858499997645,
    0.13818799299997409
  ],
  "prusti-tests/tests/verify/pass/quick/routes.rs": [
    5.404626076,
    0.3558427020000181,
    0.35195898300003137,
    0.34859756700006983,
    0.3501945750000459,
    0.3533686899999111,
    0.3497290719999455,
    0.3468814590000875,
    0.3524286850000635,
    0.34977547300002243
  ],
  "prusti-tests/tests/verify/pass/quick/fibonacci.rs": [
    0.3718925790000185,
    0.3737981879999097,
    0.37415988999998717,
    0.3736877870001081,
    0.3746710919999714,
    0.3764476009999953,
    0.3734680860000026,
    0.3733202859999665,
    0.3758903980000241,
    0.3730353490000198
  ],
  "prusti-tests/tests/verify/pass/pure-fn/len-lookup.rs": [
    3.6192611189999297,
    0.2156871140000476,
    0.21479361299998345,
    0.21658061300001918,
    0.21431451299997661,
    0.2155909130000282,
    0.21624021399998128,
    0.21268811100003404,
    0.21236111099995014,
    0.21643501399989873
  ],
  "prusti-tests/tests/verify/pass/pure-fn/quantifiers.rs": [
    2.263529167999991,
    0.19226839299994936,
    0.18988269900000887,
    0.18820140299999366,
    0.1910937949999152,
    0.19059679700001197,
    0.18803650400002425,
    0.19006709800009958,
    0.19010619799996675,
    0.19085789600001135
  ],
  "prusti-tests/tests/verify/pass/pure-fn/recursive-pure-fn.rs": [
    1.9366927870000836,
    0.14752570999996806,
    0.14742691100002503,
    0.14759301000003688,
    0.1607838749999928,
    0.14815640899996652,
    0.14983430500001305,
    0.14889990700010003,
    0.1474038000000064,
    0.14908467699990524
  ],
  "prusti-tests/tests/verify/pass/pure-fn/ref-mut-arg.rs": [
    2.869334145000039,
    0.1917746230000148,
    0.18940715600001568,
    0.19085435800002415,
    0.19138635800004522,
    0.1891831560000128,
    0.19199715900003866,
    0.19247865899990302,
    0.19131235800000468,
    0.19038315700004205
  ],
  "prusti-tests/tests/verify/pass/rosetta/Ackermann_function.rs": [
    1.9410029020000366,
    0.23118719100000362,
    0.23267549199999848,
    0.2338913930000217,
    0.2314687909999975,
    0.23364159200002632,
    0.23232219199996962,
    0.23292209299995648,
    0.23273189200006072,
    0.23137999099992612
  ],
  "prusti-tests/tests/verify/pass/rosetta/Heapsort.rs": [
    10.256886968000003,
    1.0675085889999991,
    1.0641506989999243,
    1.0599846979999938,
    1.0644294989999707,
    1.0665643990000717,
    1.068993100000057,
    1.0683189000000084,
    1.0702505409999503,
    1.0645437319999473
  ]
}