{
  "prusti-tests/tests/verify/pass/rosetta/Knuth_shuffle.rs": [
    2.6770885009999574,
    2.318839601999912,
    2.277840642000001,
    2.253506964000053,
    2.248700853999935,
    2.211307194000028,
    2.277896257000066,
    2.2595465599999898,
    2.3210650109999733,
    2.254212265000092
  ],
  "prusti-tests/tests/verify/pass/demos/account.rs": [
    2.090371839999989,
    2.1061032369999566,
    2.0822144390000403,
    2.094066796999982,
    2.0690656799999942,
    2.054183795999961,
    2.0546826089999968,
    2.028017191999993,
    2.108128310999973,
    2.0895116340000186
  ],
  "prusti-tests/tests/verify/pass/rosetta/Knights_tour.rs": [
    123.45820985,
    121.85439499699999,
    118.89915575999999,
    122.55636769699981,
    120.42765496599986,
    124.0009268949998,
    118.82203435099996,
    123.07395603300006,
    123.46942643099987,
    122.44122656199988
  ],
  "prusti-tests/tests/verify/pass/quick/fold-unfold.rs": [
    1.3505011050001485,
    1.3360661269998673,
    1.3232335339998826,
    1.3175217150001117,
    1.338829933999932,
    1.3261673469996822,
    1.3254246699998475,
    1.3370642479999333,
    1.353415486999893,
    1.3305687940001008
  ],
  "prusti-tests/tests/verify/pass/quick/moves.rs": [
    1.7690957300001173,
    1.6690607210002781,
    1.6547571910000443,
    1.669566455000222,
    1.6283582639998713,
    1.6183674789999714,
    1.6076631529999759,
    1.6014135939999505,
    1.601689904000068,
    1.601780707999751
  ],
  "prusti-tests/tests/verify/pass/quick/mut-borrows.rs": [
    3.201418947000093,
    3.1793431930000224,
    3.2385812819998137,
    3.259160373999748,
    3.202806843000417,
    3.230227585999728,
    3.2077029349998156,
    3.21050794499979,
    3.2232252490002793,
    3.1748358449999614
  ],
  "prusti-tests/tests/verify/pass/quick/shared-borrows.rs": [
    2.0181096960000104,
    2.0161714880000545,
    1.995742430000064,
    2.0499643530001777,
    2.042424665999988,
    2.0463735140001518,
    2.0431843629999094,
    2.0526271270000507,
    2.077776194999842,
    2.071413248999761
  ],
  "prusti-tests/tests/verify/pass/quick/trait-contracts-refinement.rs": [
    1.8411961029996746,
    1.7539178219999485,
    1.798811146999924,
    1.7282920389998253,
    1.7328019999999924,
    1.7414879829998426,
    1.759017158000006,
    1.7485592960001668,
    1.7555999360001806,
    1.7685623229999692
  ],
  "prusti-tests/tests/verify/pass/quick/routes.rs": [
    5.795338487000208,
    5.841363102999821,
    5.447108950000256,
    5.58847987199988,
    5.3416920049999135,
    5.499455859999671,
    5.473314553000364,
    5.350845840999682,
    5.693244937000145,
    5.402764603999913
  ],
  "prusti-tests/tests/verify/pass/quick/fibonacci.rs": [
    6.986458930000026,
    6.900577131999853,
    6.971641701000408,
    7.079065381000419,
    6.947592187999817,
    6.941003183999783,
    6.7326531390003765,
    6.781549658000131,
    6.954259492000347,
    6.840821535000032
  ],
  "prusti-tests/tests/verify/pass/pure-fn/len-lookup.rs": [
    3.8639641929999016,
    3.8509253839997655,
    3.845676635000018,
    3.90129940099996,
    3.8199368650002725,
    3.869475046000389,
    3.8688673390001895,
    3.886769835999985,
    3.930731447999733,
    3.8777675750002345
  ],
  "prusti-tests/tests/verify/pass/pure-fn/quantifiers.rs": [
    2.3466866080002546,
    2.387670178999997,
    2.373218939000253,
    2.439217429999644,
    2.4010911650002527,
    2.3755457120000756,
    2.4454338579998876,
    2.399601784999959,
    2.4097863179999877,
    2.417962589999661
  ],
  "prusti-tests/tests/verify/pass/pure-fn/recursive-pure-fn.rs": [
    2.1066136970002844,
    2.1204349449999427,
    2.135367048000262,
    2.0745138980000775,
    2.107484514999669,
    2.124522848000197,
    2.101923698000064,
    2.089834695999798,
    2.087957103000008,
    2.0862090849996093
  ],
  "prusti-tests/tests/verify/pass/pure-fn/ref-mut-arg.rs": [
    3.1536178780002047,
    3.2365636630001973,
    3.2367372460003025,
    3.2476837109998087,
    3.2128116289995887,
    3.324742344999777,
    3.161359351000101,
    3.1869606320001367,
    3.3512973859997146,
    3.218417688000045
  ],
  "prusti-tests/tests/verify/pass/rosetta/Ackermann_function.rs": [
    2.092064715000106,
    2.0851930869998796,
    2.059596258000056,
    2.1513164079997296,
    2.152727754999887,
    2.115487024000231,
    2.0716514800001278,
    2.111801030999686,
    2.1341360820001682,
    2.0841521689999354
  ],
  "prusti-tests/tests/verify/pass/rosetta/Heapsort.rs": [
    11.292511822000051,
    11.259716476999984,
    11.429692064999927,
    11.369449397000153,
    11.373551814000166,
    11.37427303000004,
    11.522985921999862,
    11.640651270000035,
    11.704906948999906,
    11.360341081000115
  ]
}