{
  "prusti-tests/tests/verify/pass/rosetta/Knuth_shuffle.rs": [
    2.519587312999988,
    0.35267050799996014,
    0.3605772490000163,
    0.34543209200001,
    0.3434506569999485,
    0.34500668399994083,
    0.34492658300007406,
    0.3471332200000461,
    0.345818998000027,
    0.34372366200000215
  ],
  "prusti-tests/tests/verify/pass/demos/account.rs": [
    2.04983406000008,
    0.13484809999999925,
    0.12545984000007593,
    0.12661455999989357,
    0.12654765800004952,
    0.12522943600004055,
    0.12648765799997364,
    0.12671606100002464,
    0.12649495800008026,
    0.12464052600000741
  ],
  "prusti-tests/tests/verify/pass/rosetta/Knights_tour.rs": [
    89.53477287199996,
    2.5352090739999085,
    2.5305442640000138,
    2.531765081000003,
    2.534108845999981,
    2.533065547000092,
    2.5426980770000682,
    2.5356549659999246,
    2.541948757,
    2.537842504999958
  ],
  "prusti-tests/tests/verify/pass/quick/fold-unfold.rs": [
    1.1990083460000278,
    0.09767556600002081,
    0.09819457300000067,
    0.09750226400001338,
    0.09684645599998021,
    0.09808257199995296,
    0.09760361400003603,
    0.0988801070000136,
    0.09895960699998341,
    0.09522857599995405
  ],
  "prusti-tests/tests/verify/pass/quick/moves.rs": [
    1.428424447999987,
    0.09203635100004703,
    0.09934361000000536,
    0.09334826099996008,
    0.09281725699997878,
    0.09332426100002067,
    0.09406796700000086,
    0.0930591580000737,
    0.09242635399994015,
    0.09333996099996966
  ],
  "prusti-tests/tests/verify/pass/quick/mut-borrows.rs": [
    2.92219727600002,
    0.15788201899999876,
    0.15871903000004295,
    0.15859862800004976,
    0.15557168999998794,
    0.15773241699992013,
    0.1572593109999616,
    0.15949204000003192,
    0.1571620099999791,
    0.15923383599999852
  ],
  "prusti-tests/tests/verify/pass/quick/shared-borrows.rs": [
    1.8022469070000398,
    0.09194517000003088,
    0.0903437509999776,
    0.0907832560000088,
    0.0912871630000609,
    0.09247367799991935,
    0.09310288500000752,
    0.09267708000004404,
    0.09229787499998565,
    0.09228857499999776
  ],
  "prusti-tests/tests/verify/pass/quick/trait-contracts-refinement.rs": [
    1.6865089729999454,
    0.13631303600004685,
    0.13657523899996704,
    0.13823715999990327,
    0.1365293379999457,
    0.13697334400001182,
    0.13603433200000836,
    0.13745345000006637,
    0.13703154500001347,
    0.1386007649999783
  ],
  "prusti-tests/tests/verify/pass/quick/routes.rs": [
    5.2171541689999685,
    0.35023536799997146,
    0.35189878999995017,
    0.34652232000007643,
    0.34541070700004184,
    0.3460960149999437,
    0.3487060490000431,
    0.34620381599995653,
    0.3473741319999135,
    0.34649302000002535
  ],
  "prusti-tests/tests/verify/pass/quick/fibonacci.rs": [
    0.38056225499997254,
    0.37424007399999937,
    0.3704167260000304,
    0.367207484000005,
    0.3681120960000044,
    0.36616047099994375,
    0.3693654119999792,
    0.36869480300003943,
    0.36577058000000306,
    0.3674726440000313
  ],
  "prusti-tests/tests/verify/pass/pure-fn/len-lookup.rs": [
    3.5800407660000246,
    0.21312306699996952,
    0.21222405499997876,
    0.21576200300000892,
    0.2150538939999933,
    0.21325956900000165,
    0.2136447740000449,
    0.21276016299998446,
    0.21225035500003742,
    0.21217575499997565
  ],
  "prusti-tests/tests/verify/pass/pure-fn/quantifiers.rs": [
    2.154326193000088,
    0.19274659400002747,
    0.18921264799996607,
    0.19002855899998394,
    0.18820803500000238,
    0.18824813600008383,
    0.18806993299995156,
    0.19057096599999568,
    0.18686031799995817,
    0.19018486000004486
  ],
  "prusti-tests/tests/verify/pass/pure-fn/recursive-pure-fn.rs": [
    1.8655395370000178,
    0.1475411090000307,
    0.14837191999993138,
    0.14685120000001461,
    0.14708260299994436,
    0.14610749099995246,
    0.14643949499998143,
    0.14470807299994703,
    0.14595378800004255,
    0.14561598399996
  ],
  "prusti-tests/tests/verify/pass/pure-fn/ref-mut-arg.rs": [
    2.8163540399999647,
    0.19020366899997043,
    0.1888414659999853,
    0.1910500950000369,
    0.19046368699991945,
    0.18850396200002706,
    0.18631283299998813,
    0.191638203000025,
    0.1880268550000892,
    0.18901616899995588
  ],
  "prusti-tests/tests/verify/pass/rosetta/Ackermann_function.rs": [
    1.8828619889999345,
    0.22997230299995408,
    0.22989620300006663,
    0.22832078099997943,
    0.23045471000000362,
    0.2296098990000246,
    0.23238103399989996,
    0.23188072899995404,
    0.22822298000005503,
    0.2378660059999902
  ],
  "prusti-tests/tests/verify/pass/rosetta/Heapsort.rs": [
    10.085841996999989,
    1.054034804000139,
    1.0456725520000418,
    1.0486888909999834,
    1.0452991469999233,
    1.053111046999902,
    1.0461746589999166,
    1.0467020650000904,
    1.044254434000095,
    1.0459664570000768
  ]
}