{
  "prusti-tests/tests/verify/pass/rosetta/Knuth_shuffle.rs": [
    2.4029684369997995,
    2.0995442149999235,
    2.0155455859999165,
    2.0068486210000174,
    2.013751139000078,
    1.988313177000009,
    1.968069208000088,
    2.001388492999922,
    1.9505404439998983,
    1.9574111679999078
  ],
  "prusti-tests/tests/verify/pass/demos/account.rs": [
    1.84008873699986,
    1.8361277019998852,
    1.7923797540001942,
    1.7934183719999055,
    1.7921544490000088,
    1.7833703910000622,
    1.799053800000138,
    1.7783741739999641,
    1.734780580000006,
    1.7563092719999531
  ],
  "prusti-tests/tests/verify/pass/rosetta/Knights_tour.rs": [
    103.28370848300005,
    104.93745926999986,
    103.33536014099991,
    104.86971813199989,
    102.60891516699985,
    104.17762820400003,
    104.33115564500008,
    106.245820116,
    104.29542728000024,
    105.73754540500022
  ],
  "prusti-tests/tests/verify/pass/quick/fold-unfold.rs": [
    1.1988646709996829,
    1.193697176999649,
    1.1899272079999719,
    1.1909521259999565,
    1.1770921729998918,
    1.184056406000309,
    1.202832161999595,
    1.1951794219999101,
    1.2068096339999101,
    1.1954197269997167
  ],
  "prusti-tests/tests/verify/pass/quick/moves.rs": [
    1.472229981000055,
    1.4335861750000731,
    1.4254578249997394,
    1.432904561000214,
    1.4587595339999098,
    1.466686578000008,
    1.4331393649999882,
    1.439472277999812,
    1.4509540839999318,
    1.4382321519997276
  ],
  "prusti-tests/tests/verify/pass/quick/mut-borrows.rs": [
    2.8337899260000086,
    2.8350190490000386,
    2.863323366000259,
    2.909677512000144,
    2.886227880000206,
    2.8567279389999385,
    2.8507684310002332,
    2.8699654779998127,
    2.859311582999908,
    2.8544161940003505
  ],
  "prusti-tests/tests/verify/pass/quick/shared-borrows.rs": [
    1.8066841750001004,
    1.7925739180000164,
    1.7962759860001825,
    1.8032527129998925,
    1.8047234390000995,
    1.7778153479998764,
    1.787651728000128,
    1.8051509470001292,
    1.7935046419997889,
    1.8018833249998352
  ],
  "prusti-tests/tests/verify/pass/quick/trait-contracts-refinement.rs": [
    1.627603440999792,
    1.5904920620000667,
    1.6007892500001617,
    1.5838680509996266,
    1.640250701000241,
    1.6148554359997433,
    1.5615584610000042,
    1.5669386600002326,
    1.5796521150000444,
    1.5828907209997851
  ],
  "prusti-tests/tests/verify/pass/quick/routes.rs": [
    4.732637868999973,
    4.471062761999747,
    4.339671314000043,
    4.296039243999985,
    4.283707493000293,
    4.312028401999669,
    4.278486020999935,
    4.2970326090003255,
    4.246424018999733,
    4.309518688000026
  ],
  "prusti-tests/tests/verify/pass/quick/fibonacci.rs": [
    5.478089668999928,
    5.465707261999796,
    5.381630113000028,
    5.481168249999882,
    5.4422576759998265,
    5.459986728999866,
    5.497780161999799,
    5.455147406000378,
    5.392593870999917,
    5.50601453399986
  ],
  "prusti-tests/tests/verify/pass/pure-fn/len-lookup.rs": [
    3.2811280009996153,
    3.235551731999749,
    3.186755040999742,
    3.177992242000073,
    3.226287916000274,
    3.13416132500015,
    3.200406423000004,
    3.179855941000369,
    3.123441603000174,
    3.186432649999915
  ],
  "prusti-tests/tests/verify/pass/pure-fn/quantifiers.rs": [
    1.950030869999864,
    1.9481667360000756,
    1.90528458100016,
    1.8956984010001179,
    1.9271427769999718,
    1.9086576380000224,
    1.9064797659998476,
    1.9087316969998938,
    1.9188437819998398,
    1.9436017339999125
  ],
  "prusti-tests/tests/verify/pass/pure-fn/recursive-pure-fn.rs": [
    1.75687062399993,
    1.7019086230002358,
    1.7058015940001496,
    1.7077462299998842,
    1.696120017999874,
    1.7015816650000488,
    1.7105291010002475,
    1.721949608000159,
    1.7478307779997522,
    1.7333808489997864
  ],
  "prusti-tests/tests/verify/pass/pure-fn/ref-mut-arg.rs": [
    2.5400335179997455,
    2.5902414360002695,
    2.5211561719997917,
    2.5185569999998734,
    2.511667475000195,
    2.5510616940000546,
    2.5273136589999012,
    2.532318670999757,
    2.5116880919999858,
    2.4877029579997725
  ],
  "prusti-tests/tests/verify/pass/rosetta/Ackermann_function.rs": [
    1.7850530610003261,
    1.772827438999684,
    1.7566088450003008,
    1.7585559670001203,
    1.7568814750002275,
    1.770229117999861,
    1.792136518999996,
    1.8466686140000093,
    1.7777895059998627,
    1.7704241759997785
  ],
  "prusti-tests/tests/verify/pass/rosetta/Heapsort.rs": [
    10.286596868000288,
    10.295184551000148,
    10.29839916400033,
    10.394196004999685,
    10.296287210000173,
    10.309707923000133,
    10.236710976999802,
    10.285784148000403,
    10.233529012999952,
    10.227509370000007
  ]
}