{
  "prusti-tests/tests/verify/pass/rosetta/Knuth_shuffle.rs": [
    2.6442740489999323,
    0.3470603120000533,
    0.344147416999931,
    0.34919290999994246,
    0.3426953189999722,
    0.34457321599995794,
    0.34410891699997137,
    0.34502381499999046,
    0.3429859179999539,
    0.3418531199999961
  ],
  "prusti-tests/tests/verify/pass/demos/account.rs": [
    2.148815681999963,
    0.12225682799999049,
    0.11985403200003475,
    0.11980343099992297,
    0.11935053299998799,
    0.12002073099995414,
    0.12110653000002003,
    0.12160872899994501,
    0.11963023199996314,
    0.11977513100009674
  ],
  "prusti-tests/tests/verify/pass/rosetta/Knights_tour.rs": [
    98.77114189600002,
    2.5305306220000148,
    2.5143748410000626,
    2.522375027999942,
    2.5202682399999503,
    2.5184068419999903,
    2.5252026409999644,
    2.520024762000048,
    2.5215843610000093,
    2.5264556140000423
  ],
  "prusti-tests/tests/verify/pass/quick/fold-unfold.rs": [
    1.228451969000048,
    0.09004267099999197,
    0.08951117100002648,
    0.09075347199996031,
    0.090580171000056,
    0.09141437199991742,
    0.09172177300001749,
    0.09130363400004171,
    0.09201638900003672,
    0.09177988900000855
  ],
  "prusti-tests/tests/verify/pass/quick/moves.rs": [
    1.4609336299999995,
    0.08645189500009565,
    0.08970109099993806,
    0.08814749300006497,
    0.08810619300004419,
    0.08700519499996062,
    0.08704929399993944,
    0.08828349300006266,
    0.08730109399994035,
    0.08703669399994851
  ],
  "prusti-tests/tests/verify/pass/quick/mut-borrows.rs": [
    2.9053861789999473,
    0.15127281599995968,
    0.15123221700002887,
    0.15092441699994197,
    0.15078443300001254,
    0.15108643999997184,
    0.15188863999992464,
    0.1516564410000001,
    0.15086064199999782,
    0.1495665420000023
  ],
  "prusti-tests/tests/verify/pass/quick/shared-borrows.rs": [
    1.7634967420000294,
    0.08555610999997043,
    0.08500561100004234,
    0.08392521099995065,
    0.08445511100001113,
    0.08537540999998328,
    0.08628920900002868,
    0.08581720999995923,
    0.08544841000002634,
    0.08412761099998534
  ],
  "prusti-tests/tests/verify/pass/quick/trait-contracts-refinement.rs": [
    1.72448328400003,
    0.13062746200000674,
    0.13078706200008128,
    0.13071526199996697,
    0.1305805629999668,
    0.1305414619999965,
    0.13108556199995292,
    0.13141426200002115,
    0.13061036199997034,
    0.13032316299995728
  ],
  "prusti-tests/tests/verify/pass/quick/routes.rs": [
    5.021375625000019,
    0.3308513629999652,
    0.3301952640000536,
    0.33128766200002246,
    0.3319035619999795,
    0.3308185629999798,
    0.33119846300007794,
    0.33090856299997995,
    0.3300808640000241,
    0.330433964000008
  ],
  "prusti-tests/tests/verify/pass/quick/fibonacci.rs": [
    0.3641720289999739,
    0.3653893270000026,
    0.3636969299999464,
    0.3646300280000787,
    0.36548732300002484,
    0.3617487120000078,
    0.3632101099999545,
    0.3630637100000058,
    0.3630751110000574,
    0.3601471130000391
  ],
  "prusti-tests/tests/verify/pass/pure-fn/len-lookup.rs": [
    3.482282462999933,
    0.20712457799993444,
    0.20703077799998937,
    0.20558858000003966,
    0.20666937800001506,
    0.20591747900004975,
    0.20581447899996874,
    0.20639937800001462,
    0.20630517899996903,
    0.2062981789999867
  ],
  "prusti-tests/tests/verify/pass/pure-fn/quantifiers.rs": [
    2.1105781359999582,
    0.18914639700005864,
    0.1812570050000204,
    0.18022010700008195,
    0.1814783049999278,
    0.17996190700000625,
    0.18093480599998202,
    0.18192670499990982,
    0.18179580499997883,
    0.18167790500001502
  ],
  "prusti-tests/tests/verify/pass/pure-fn/recursive-pure-fn.rs": [
    1.847727217000056,
    0.14013565000004746,
    0.14008435000005193,
    0.1386976510000295,
    0.1391691499999297,
    0.13996564999990824,
    0.1475254419999601,
    0.13910535100001198,
    0.13940635100004783,
    0.13941865000003872
  ],
  "prusti-tests/tests/verify/pass/pure-fn/ref-mut-arg.rs": [
    2.7842756089999057,
    0.18070700500004477,
    0.17928420700002334,
    0.18131210500007455,
    0.18223840399991786,
    0.17972850699993614,
    0.18215020299999196,
    0.18179360399994948,
    0.18171650399995087,
    0.17979010599992762
  ],
  "prusti-tests/tests/verify/pass/rosetta/Ackermann_function.rs": [
    1.8941298590000315,
    0.22058276200004912,
    0.22078916199996002,
    0.22179646100005357,
    0.22055166300003748,
    0.22010786199996346,
    0.21979096300003675,
    0.21969326399994316,
    0.22030516300003455,
    0.2206499620000386
  ],
  "prusti-tests/tests/verify/pass/rosetta/Heapsort.rs": [
    11.103006922999953,
    1.040864025000019,
    1.0406107249998513,
    1.0388505280000118,
    1.0404899249999744,
    1.0399995259999741,
    1.0398587270001372,
    1.0417133640000884,
    1.040414900000087,
    1.0370285049998529
  ]
}