{
  "prusti-tests/tests/verify/pass/rosetta/Knuth_shuffle.rs": [
    2.608914434999974,
    0.30193494000002374,
    0.32392924900000253,
    0.33102084899996953,
    0.2990990000000693,
    0.30302535500004524,
    0.3336700849999943,
    0.30807572599997,
    0.32995693299994855,
    0.3339727899999616
  ],
  "prusti-tests/tests/verify/pass/demos/account.rs": [
    2.4067698920000566,
    0.13449588200001017,
    0.13395267500004593,
    0.1345856850000473,
    0.13617640600000414,
    0.13405457700002898,
    0.13502119099996435,
    0.13633250899999894,
    0.13710661899995102,
    0.13374187199997323
  ],
  "prusti-tests/tests/verify/pass/rosetta/Knights_tour.rs": [
    108.92265152300001,
    1.9959173849999843,
    2.2233479550000084,
    2.0260853999999426,
    2.2401171889999887,
    2.218763286000012,
    2.215941239000017,
    2.2329409769999984,
    2.2259320789999038,
    2.2326355899999726
  ],
  "prusti-tests/tests/verify/pass/quick/fold-unfold.rs": [
    1.2812856250000095,
    0.10118438400002105,
    0.1032257119999258,
    0.10377741900003912,
    0.10357471600002555,
    0.1043646279999848,
    0.09973296400005438,
    0.10134078600003704,
    0.10043367399998715,
    0.10163949000002503
  ],
  "prusti-tests/tests/verify/pass/quick/moves.rs": [
    1.5120645800000148,
    0.0973954319999848,
    0.10431592700001602,
    0.09566900799995892,
    0.09454409399995711,
    0.09668002199998682,
    0.0974767330000077,
    0.09990366599993195,
    0.0998435660000041,
    0.10111458299991227
  ],
  "prusti-tests/tests/verify/pass/quick/mut-borrows.rs": [
    3.017981473000077,
    0.1578615070000069,
    0.14428301700002066,
    0.15995393599996532,
    0.14841977499997938,
    0.14765896400001566,
    0.1563929860000144,
    0.17118689400001585,
    0.14599374099998386,
    0.1459733409999444
  ],
  "prusti-tests/tests/verify/pass/quick/shared-borrows.rs": [
    2.123582091000003,
    0.09426581800005351,
    0.10239223200005654,
    0.09535203299992645,
    0.09514663099992049,
    0.0963336459999482,
    0.09554573600007643,
    0.09876028100006806,
    0.10057090599991625,
    0.09715025799994237
  ],
  "prusti-tests/tests/verify/pass/quick/trait-contracts-refinement.rs": [
    1.6263162380000722,
    0.13016542000002573,
    0.15429215699998622,
    0.14302069899997605,
    0.14123217400003796,
    0.14306930099996862,
    0.13056252399996993,
    0.1360251999999491,
    0.13168183999994199,
    0.13590619900003276
  ],
  "prusti-tests/tests/verify/pass/quick/routes.rs": [
    5.382898322000074,
    0.3434883999999556,
    0.3085803129999931,
    0.3476232579999987,
    0.3110502470000256,
    0.31001593199994204,
    0.3198657699999785,
    0.3453386280000359,
    0.3487521759999481,
    0.31531830899996294
  ],
  "prusti-tests/tests/verify/pass/quick/fibonacci.rs": [
    0.35922282199999245,
    0.3580477069999688,
    0.3533479399999351,
    0.36073344399994767,
    0.3637054860000717,
    0.3530657370000654,
    0.32130679199997303,
    0.37082078499997806,
    0.3652249069999698,
    0.3620136619999812
  ],
  "prusti-tests/tests/verify/pass/pure-fn/len-lookup.rs": [
    3.8352835930000992,
    0.2207244050000554,
    0.2190706850000197,
    0.21924678699997457,
    0.20606831899999634,
    0.21460562799995841,
    0.21817857300004562,
    0.2143212249999351,
    0.21210159500003556,
    0.21644505100005063
  ],
  "prusti-tests/tests/verify/pass/pure-fn/quantifiers.rs": [
    2.400424711000028,
    0.3690378909999481,
    0.1829022240000313,
    0.18650337100007164,
    0.17379040900004838,
    0.18785588800005826,
    0.18762138500005676,
    0.18318052799997986,
    0.18691837599999417,
    0.18549465799992504
  ],
  "prusti-tests/tests/verify/pass/pure-fn/recursive-pure-fn.rs": [
    1.9777325339999834,
    0.15141161700000794,
    0.15472916399994574,
    0.15068670799996653,
    0.14986929600001986,
    0.1522194290000698,
    0.14250309299995934,
    0.1562119850000272,
    0.14002635800000007,
    0.15245903199991062
  ],
  "prusti-tests/tests/verify/pass/pure-fn/ref-mut-arg.rs": [
    2.9909291280000616,
    0.19436001799999758,
    0.4126728710000407,
    0.187740925000071,
    0.18409697499998856,
    0.18671781099999407,
    0.18745702100000017,
    0.17394493300002978,
    0.1822866500000373,
    0.18753792300003624
  ],
  "prusti-tests/tests/verify/pass/rosetta/Ackermann_function.rs": [
    1.9800460870000052,
    0.22694070900001861,
    0.19838080500005617,
    0.2166767639999989,
    0.22140643000000182,
    0.20141844800002673,
    0.21983960900001875,
    0.21944630300004064,
    0.2178963809999459,
    0.21759717699990233
  ],
  "prusti-tests/tests/verify/pass/rosetta/Heapsort.rs": [
    10.591270433999966,
    0.8532170629999882,
    0.9729449000000159,
    0.9562072709999256,
    0.8807606599999644,
    0.8503527519999352,
    0.8476230149999537,
    0.9454678669999339,
    0.8516952710000396,
    0.8607048950000262
  ]
}