{
  "prusti-tests/tests/verify/pass/rosetta/Knuth_shuffle.rs": [
    2.6610513989999163,
    0.35160752100000536,
    0.3435486230000606,
    0.34506930400004876,
    0.3460609910000585,
    0.34892505400000573,
    0.3501418390000026,
    0.3455850970000256,
    0.3461046910000505,
    0.3493047499999875
  ],
  "prusti-tests/tests/verify/pass/demos/account.rs": [
    2.134696403000021,
    0.12425701699999081,
    0.12373592300002656,
    0.1239164209999899,
    0.12361112500002491,
    0.12597189400003117,
    0.12263853700005711,
    0.12312493100000665,
    0.12404921899997134,
    0.12496760700003051
  ],
  "prusti-tests/tests/verify/pass/rosetta/Knights_tour.rs": [
    91.03675363499997,
    2.5071399109999675,
    2.5130098679999264,
    2.503683914000021,
    2.509867235999991,
    2.502289241000085,
    2.5027293460000237,
    2.50342423699999,
    2.5184590110000045,
    2.520293274999972
  ],
  "prusti-tests/tests/verify/pass/quick/fold-unfold.rs": [
    1.256091189000017,
    0.09374701200010804,
    0.09326241899998422,
    0.09330941799998982,
    0.09287522399995396,
    0.09248322800010556,
    0.09280752500001199,
    0.09284982400004083,
    0.09334271700004138,
    0.09267632600005982
  ],
  "prusti-tests/tests/verify/pass/quick/moves.rs": [
    1.4804032470000266,
    0.09210453399998642,
    0.08766868899999736,
    0.08916017099988949,
    0.0879166869999608,
    0.08763389000000643,
    0.08838407999996889,
    0.08705299700000069,
    0.08862457700001869,
    0.08825768199994855
  ],
  "prusti-tests/tests/verify/pass/quick/mut-borrows.rs": [
    2.9038268670000207,
    0.15419946499991966,
    0.15397236700005124,
    0.15819101500005672,
    0.1538915690000522,
    0.15453655999999683,
    0.1538702690000946,
    0.15574324499993963,
    0.1532781769999474,
    0.15383016900000257
  ],
  "prusti-tests/tests/verify/pass/quick/shared-borrows.rs": [
    1.8225766250000106,
    0.08754020100002435,
    0.08704130700004953,
    0.08655961400006618,
    0.08710330700000668,
    0.08761290000006738,
    0.08628531699991981,
    0.08691720899992106,
    0.08691810899995289,
    0.08599401999993006
  ],
  "prusti-tests/tests/verify/pass/quick/trait-contracts-refinement.rs": [
    1.677825041999995,
    0.13188514500006931,
    0.13192673000003197,
    0.13370729899997968,
    0.13320950500008166,
    0.13216341800000464,
    0.13202351999996154,
    0.13314450600000782,
    0.13190642200004277,
    0.1330142069999738
  ],
  "prusti-tests/tests/verify/pass/quick/routes.rs": [
    5.2866669359999605,
    0.34354652900003657,
    0.34437951800009614,
    0.34313563399996383,
    0.3429222370000389,
    0.3431593340000063,
    0.3444107250001025,
    0.3430188419999922,
    0.3444540230000257,
    0.34387303100004374
  ],
  "prusti-tests/tests/verify/pass/quick/fibonacci.rs": [
    0.373041861000047,
    0.371282683000004,
    0.3725892660000909,
    0.37252976699994633,
    0.3701592969999865,
    0.36932210700001633,
    0.37015879800003404,
    0.37049229199999445,
    0.3743849429999955,
    0.3712632830000757
  ],
  "prusti-tests/tests/verify/pass/pure-fn/len-lookup.rs": [
    3.6381770019999067,
    0.2120621139999912,
    0.20934474699993189,
    0.21195471500004714,
    0.21141952099992523,
    0.209228148999955,
    0.21103892600001473,
    0.21060293099992577,
    0.2083876589999818,
    0.21143452100000104
  ],
  "prusti-tests/tests/verify/pass/pure-fn/quantifiers.rs": [
    2.171574985999996,
    0.1831003800000417,
    0.18388896999999815,
    0.1832071780000888,
    0.18226659100002962,
    0.1831296799999791,
    0.18420366600003035,
    0.18483245799995984,
    0.18405366800004686,
    0.18284688299991103
  ],
  "prusti-tests/tests/verify/pass/pure-fn/recursive-pure-fn.rs": [
    1.8653804740000623,
    0.1402875269999413,
    0.14009322899994459,
    0.13945603699994535,
    0.1400610289999804,
    0.14190140599998813,
    0.14091801799997938,
    0.14031222599999182,
    0.13974193399997148,
    0.13920763999999508
  ],
  "prusti-tests/tests/verify/pass/pure-fn/ref-mut-arg.rs": [
    2.860232341000028,
    0.1816214039999977,
    0.1824687929999982,
    0.18113701000004312,
    0.18203869900003156,
    0.18368717800001377,
    0.18249619300001996,
    0.18233469500000865,
    0.1811815089999982,
    0.18223519599996507
  ],
  "prusti-tests/tests/verify/pass/rosetta/Ackermann_function.rs": [
    1.8857907599999635,
    0.22539799899993795,
    0.22393116700004612,
    0.22417536500006463,
    0.22527225199996792,
    0.22507795399997121,
    0.2255724489999693,
    0.2247349579999991,
    0.22497735599995394,
    0.22622134100004132
  ],
  "prusti-tests/tests/verify/pass/rosetta/Heapsort.rs": [
    10.084673817000066,
    1.0493878450000693,
    1.0487702529999297,
    1.0491494479999801,
    1.0474980269999605,
    1.047172135999972,
    1.0488713150000422,
    1.0474523340000133,
    1.0439015769999287,
    1.046637644000043
  ]
}