{
  "prusti-tests/tests/verify/pass/rosetta/Knuth_shuffle.rs": [
    2.401452231999997,
    2.21302739500004,
    2.153925221999998,
    2.1515479330000744,
    2.1254451419999896,
    2.044797958999993,
    2.0340788550000752,
    2.025890894999975,
    2.0492848549999962,
    2.010853806
  ],
  "prusti-tests/tests/verify/pass/demos/account.rs": [
    1.900540230000047,
    1.928886499999976,
    1.8793154029999641,
    1.9336483569999245,
    1.8980775439999888,
    1.8996937759999355,
    1.8805416019999939,
    1.9955339520000734,
    1.9897015720000581,
    1.9748509989999548
  ],
  "prusti-tests/tests/verify/pass/rosetta/Knights_tour.rs": [
    119.76432274899992,
    115.97086347900006,
    113.64910093000003,
    116.68184863400006,
    120.05077565399984,
    115.60728109499996,
    115.71962125999994,
    116.50948963000019,
    114.80216943200003,
    114.31607984199991
  ],
  "prusti-tests/tests/verify/pass/quick/fold-unfold.rs": [
    1.3261036540000077,
    1.3375940769999488,
    1.322377748000008,
    1.3348748900000373,
    1.3685907430001407,
    1.365944792000164,
    1.349765079000008,
    1.3020529529999294,
    1.309034919999931,
    1.3135932079999293
  ],
  "prusti-tests/tests/verify/pass/quick/moves.rs": [
    1.5583809610000117,
    1.5348008030000528,
    1.5635389609999493,
    1.5714442099999815,
    1.5578761990000203,
    1.592844661000072,
    1.6005193060000238,
    1.608710962000032,
    1.5692508299998735,
    1.6059171920001063
  ],
  "prusti-tests/tests/verify/pass/quick/mut-borrows.rs": [
    3.160169976999896,
    3.3699644810001246,
    3.344995838000159,
    3.258573752000075,
    3.164271509999935,
    3.058184339999798,
    3.0752299769999354,
    3.071734222000032,
    2.9501442490000045,
    3.123741185999961
  ],
  "prusti-tests/tests/verify/pass/quick/shared-borrows.rs": [
    1.867714984000031,
    1.9715809120000358,
    1.8705689389998952,
    1.8859315089998745,
    1.884561574999907,
    1.8418083399999432,
    1.8600970970001072,
    1.8910852499998327,
    1.9631126070000846,
    1.888718850999794
  ],
  "prusti-tests/tests/verify/pass/quick/trait-contracts-refinement.rs": [
    1.7464874680001685,
    1.6660376909999286,
    1.6425192040001093,
    1.6362412810001388,
    1.6093683560000045,
    1.5901331799998388,
    1.5944043619999775,
    1.619977555999867,
    1.6342407339998317,
    1.6183627240000078
  ],
  "prusti-tests/tests/verify/pass/quick/routes.rs": [
    5.462334733000034,
    5.075177363999956,
    5.036529187000042,
    4.91872844999989,
    5.107230844000014,
    5.325777201999699,
    5.432418739999775,
    4.765179883000201,
    4.968160765999983,
    4.984113131999948
  ],
  "prusti-tests/tests/verify/pass/quick/fibonacci.rs": [
    6.443933217999984,
    6.55674666799996,
    6.512488180000219,
    6.294771020999633,
    6.243116632999772,
    6.502771725999992,
    6.456237001000318,
    6.4552961049998885,
    6.489018737000151,
    6.551436564999676
  ],
  "prusti-tests/tests/verify/pass/pure-fn/len-lookup.rs": [
    3.745399525999801,
    3.6385346450001634,
    3.543420203000096,
    3.5923373559999163,
    3.5269757259998187,
    3.388297083999987,
    3.600193943999784,
    3.5949719960003677,
    3.6746600059996126,
    3.6615590070000508
  ],
  "prusti-tests/tests/verify/pass/pure-fn/quantifiers.rs": [
    2.2686981580000065,
    2.2447757710001497,
    2.2165760960001535,
    2.1593363859997226,
    2.3084214780001275,
    2.354027164999934,
    2.3400040100000297,
    2.3017728659997374,
    2.3702660879998803,
    2.306602236999879
  ],
  "prusti-tests/tests/verify/pass/pure-fn/recursive-pure-fn.rs": [
    1.9930100420001509,
    2.0413578810002946,
    2.0609738140001355,
    2.0972797449999234,
    1.9697407610001392,
    2.0126037950003592,
    1.9674670139997943,
    2.00597866399994,
    2.191252172000077,
    2.0198271340000247
  ],
  "prusti-tests/tests/verify/pass/pure-fn/ref-mut-arg.rs": [
    3.0739064659996984,
    3.20813039199993,
    3.271255724999719,
    3.227993198999684,
    3.3771790289997625,
    3.1616454019999765,
    3.22979812199992,
    3.245457245000125,
    3.182952855000167,
    3.2704327550000016
  ],
  "prusti-tests/tests/verify/pass/rosetta/Ackermann_function.rs": [
    2.099299690999942,
    2.039830635999806,
    2.0085384280000653,
    1.9754243839997798,
    2.013710266000089,
    2.057458018000034,
    2.041494006999983,
    1.9798757079997813,
    2.022498340999846,
    1.9725828710002133
  ],
  "prusti-tests/tests/verify/pass/rosetta/Heapsort.rs": [
    10.72821762500007,
    10.935225834999983,
    11.257071126000028,
    10.901323687000058,
    10.169753793000382,
    10.189455896999789,
    10.137843209000039,
    10.386862033999932,
    10.708414615000038,
    10.339447360000122
  ]
}