{
  "prusti-tests/tests/verify/pass/rosetta/Knuth_shuffle.rs": [
    2.696123006999983,
    0.34392300000001796,
    0.34548882100000355,
    0.3448714129999644,
    0.3457116250000354,
    0.3482186610000326,
    0.34636073400008627,
    0.34741189199996825,
    0.34622496400004366,
    0.34540835299992523
  ],
  "prusti-tests/tests/verify/pass/demos/account.rs": [
    2.1305958529999316,
    0.12890262500002336,
    0.12617369000008694,
    0.12510377600005995,
    0.1250675769999816,
    0.12634089200003018,
    0.12625039099998503,
    0.12653979499998513,
    0.12614669000004142,
    0.1261329899999737
  ],
  "prusti-tests/tests/verify/pass/rosetta/Knights_tour.rs": [
    91.97175317999995,
    2.524926151000045,
    2.528679307999937,
    2.534312692999947,
    2.531233451999924,
    2.531056794000051,
    2.5344421459999467,
    2.5350376200000255,
    2.5409043280000105,
    2.530377211999962
  ],
  "prusti-tests/tests/verify/pass/quick/fold-unfold.rs": [
    1.2489800959999684,
    0.09671276799997486,
    0.09637786199994025,
    0.09596375600006013,
    0.09550044900004195,
    0.09528324600000815,
    0.09580265300007795,
    0.09468633699998463,
    0.09560165100003815,
    0.09608505699998204
  ],
  "prusti-tests/tests/verify/pass/quick/moves.rs": [
    1.4594496419999814,
    0.09217859799991857,
    0.09148758799994994,
    0.09148738800001865,
    0.09059627399994952,
    0.09205329700000675,
    0.09129448499993487,
    0.09038487100008297,
    0.09151398799997423,
    0.09186279400000785
  ],
  "prusti-tests/tests/verify/pass/quick/mut-borrows.rs": [
    2.8804454009999745,
    0.15712238399999023,
    0.16161895200002618,
    0.16061173700006748,
    0.15696608099995046,
    0.15744488799998635,
    0.15410693800004083,
    0.1561750690000281,
    0.15727708600002188,
    0.1559309660000281
  ],
  "prusti-tests/tests/verify/pass/quick/shared-borrows.rs": [
    1.787198989999979,
    0.09092287999999371,
    0.09114857200006554,
    0.09089417099994535,
    0.09096994200001518,
    0.08938781900008053,
    0.0924855649999472,
    0.09363608099999965,
    0.09296707099997548,
    0.09229246200004582
  ],
  "prusti-tests/tests/verify/pass/quick/trait-contracts-refinement.rs": [
    1.697198942,
    0.13666221599999062,
    0.13615820899997289,
    0.13683301899993694,
    0.13653861499994946,
    0.1355490999999347,
    0.13533559699999387,
    0.1357189020000078,
    0.13486509000006208,
    0.13657061499998235
  ],
  "prusti-tests/tests/verify/pass/quick/routes.rs": [
    5.3022370090000095,
    0.36150159999999687,
    0.34980417700001,
    0.3693947389999721,
    0.3458992829999943,
    0.35172915900000135,
    0.348866122000004,
    0.34580328200001986,
    0.34796801000004507,
    0.34942782900009206
  ],
  "prusti-tests/tests/verify/pass/quick/fibonacci.rs": [
    0.37156451600003493,
    0.37602187300001333,
    0.37925331600001755,
    0.3741927499999065,
    0.37698098600003505,
    0.3758490710000615,
    0.37861235700006546,
    0.3759036929999411,
    0.3834471069999381,
    0.3764337009999963
  ],
  "prusti-tests/tests/verify/pass/pure-fn/len-lookup.rs": [
    3.677091290000021,
    0.21204051099994103,
    0.2107627919999686,
    0.21177160799993544,
    0.2120167109999329,
    0.2121920140000384,
    0.21253031900005226,
    0.21566336600005798,
    0.21554566500003602,
    0.21429634500009342
  ],
  "prusti-tests/tests/verify/pass/pure-fn/quantifiers.rs": [
    2.2045840389999967,
    0.18732823599998483,
    0.18742213699999866,
    0.18787244299994654,
    0.18762013899993235,
    0.18723683500002153,
    0.1890326579999737,
    0.1884359499999846,
    0.1890566580000268,
    0.19152099099994757
  ],
  "prusti-tests/tests/verify/pass/pure-fn/recursive-pure-fn.rs": [
    1.8969947640000555,
    0.14657890599994516,
    0.14717841399999543,
    0.14815862599994034,
    0.14689621000002262,
    0.14900413699990622,
    0.1468508099999326,
    0.14711321300001146,
    0.14915343899997424,
    0.15061685800003488
  ],
  "prusti-tests/tests/verify/pass/pure-fn/ref-mut-arg.rs": [
    2.853344870000001,
    0.19182564499999444,
    0.18741798400003518,
    0.18870870200009904,
    0.18853309899998294,
    0.19031312399999933,
    0.18797539199999846,
    0.18849369899999147,
    0.1879429909999999,
    0.18870770199998788
  ],
  "prusti-tests/tests/verify/pass/rosetta/Ackermann_function.rs": [
    1.8573043070000494,
    0.2281423450000375,
    0.22857845200007887,
    0.22800634299994726,
    0.2282521470000347,
    0.22861255199995867,
    0.22810034500002985,
    0.22792394199996124,
    0.22758773800001109,
    0.22852305100002468
  ],
  "prusti-tests/tests/verify/pass/rosetta/Heapsort.rs": [
    10.155249444999981,
    1.0482292850000476,
    1.0451586460000044,
    1.0470300690000158,
    1.0476210770000307,
    1.0552373739999439,
    1.0505641139999398,
    1.0476202769999645,
    1.047214820000022,
    1.0529490110000097
  ]
}