{
  "prusti-tests/tests/verify/pass/rosetta/Knuth_shuffle.rs": [
    2.376056585000015,
    2.022111783000014,
    1.9820044330000428,
    1.97972361799998,
    1.979978318999997,
    1.9626245109999445,
    1.9526784489999045,
    1.9722583710000663,
    1.9277508960000205,
    1.8863712390000273
  ],
  "prusti-tests/tests/verify/pass/demos/account.rs": [
    1.8019053129999065,
    1.8170334070000536,
    1.8090016589999323,
    1.789919038999983,
    1.7655567880000262,
    1.7762954549999677,
    1.7604198540000198,
    1.7964169750000565,
    1.7581879379999918,
    1.7933528570001727
  ],
  "prusti-tests/tests/verify/pass/rosetta/Knights_tour.rs": [
    105.01991472999998,
    105.20088394200002,
    102.59602601199981,
    101.31831881500011,
    99.19562922499995,
    105.33173729499981,
    102.14643514399995,
    99.71829130099991,
    101.8209990119999,
    99.67711449000012
  ],
  "prusti-tests/tests/verify/pass/quick/fold-unfold.rs": [
    1.1751677899997048,
    1.195360644000175,
    1.1738236860001052,
    1.1948530380000193,
    1.19375270799992,
    1.192546257000231,
    1.1794780619998164,
    1.1724026100000629,
    1.1931349609999415,
    1.1799049649998778
  ],
  "prusti-tests/tests/verify/pass/quick/moves.rs": [
    1.425791825000033,
    1.4218866319997687,
    1.4341767089999848,
    1.4362909219998983,
    1.4324860980000267,
    1.429900181999983,
    1.415177613999731,
    1.4337913800000024,
    1.4322434699997757,
    1.4256096250001065
  ],
  "prusti-tests/tests/verify/pass/quick/mut-borrows.rs": [
    2.8480587279996143,
    2.8294746000001396,
    2.82283218900011,
    2.8239416399997026,
    2.8288106599998173,
    2.8245611319998716,
    2.7880423319998044,
    2.843480112999714,
    2.8167380449999655,
    2.825320140999793
  ],
  "prusti-tests/tests/verify/pass/quick/shared-borrows.rs": [
    1.8089250680000077,
    1.7953813780000019,
    1.7922992569997405,
    1.7868493440000748,
    1.802113238000402,
    1.793221879000157,
    1.7854837259997112,
    1.7986744159998125,
    1.79685039900005,
    1.7999542600000495
  ],
  "prusti-tests/tests/verify/pass/quick/trait-contracts-refinement.rs": [
    1.5927696029998515,
    1.5258849319998262,
    1.518544380000094,
    1.4960916790000738,
    1.5098313039998175,
    1.512107018000279,
    1.5146498330000213,
    1.5505679470002178,
    1.5028597860000446,
    1.505012197999804
  ],
  "prusti-tests/tests/verify/pass/quick/routes.rs": [
    4.971817186999942,
    4.665265321000334,
    4.627827707000051,
    4.534415338000144,
    4.649807878000047,
    4.514610866000112,
    4.596002017000046,
    4.467270736000046,
    4.513746334000189,
    4.496226098000079
  ],
  "prusti-tests/tests/verify/pass/quick/fibonacci.rs": [
    5.811877145999915,
    5.667985269999917,
    5.777013374000035,
    5.721101515999635,
    5.852261003999956,
    5.787126206999801,
    5.729933269999947,
    5.764647755000169,
    5.801158315000066,
    5.63939689100016
  ],
  "prusti-tests/tests/verify/pass/pure-fn/len-lookup.rs": [
    3.319637512999634,
    3.38269258299988,
    3.234516380000059,
    3.314363695999873,
    3.354480451999734,
    3.266027715999826,
    3.2899489540000104,
    3.3261930449998545,
    3.3096156370002063,
    3.2891967779996776
  ],
  "prusti-tests/tests/verify/pass/pure-fn/quantifiers.rs": [
    2.0415030899998783,
    2.069011765000141,
    2.057911000999866,
    2.0423336080002628,
    2.0091730970002573,
    2.0267550089997712,
    2.0587816999995994,
    2.0155032139996365,
    2.0990851450001173,
    2.0476167189999614
  ],
  "prusti-tests/tests/verify/pass/pure-fn/recursive-pure-fn.rs": [
    1.7978534429998945,
    1.8092433229999187,
    1.8096772270000656,
    1.8481714720001037,
    1.792961220000052,
    1.8450368470003013,
    1.7995252569999138,
    1.743960103000063,
    1.8009542660001898,
    1.8172070630002963
  ],
  "prusti-tests/tests/verify/pass/pure-fn/ref-mut-arg.rs": [
    2.7784851750002417,
    2.700213576999886,
    2.6885579750000943,
    2.803467669999918,
    2.6519792979997874,
    2.7590247540001656,
    2.714572352000232,
    2.6912714029999734,
    2.7264740699997674,
    2.713835060999827
  ],
  "prusti-tests/tests/verify/pass/rosetta/Ackermann_function.rs": [
    1.8147977429998718,
    1.7849668519997977,
    1.838069667000127,
    1.7930704820000756,
    1.7692679299998417,
    1.8069250689995897,
    1.801922697000009,
    1.8132767449997118,
    1.7877786839999317,
    1.7724171869999736
  ],
  "prusti-tests/tests/verify/pass/rosetta/Heapsort.rs": [
    9.061799766999684,
    9.28223466099962,
    9.239867316000073,
    9.293346424999982,
    9.368619337999917,
    9.309390277999682,
    9.391747843999838,
    9.588553698999931,
    9.144472042000416,
    9.214797434000047
  ]
}