{
  "prusti-tests/tests/verify/pass/rosetta/Knuth_shuffle.rs": [
    2.944293577999815,
    2.518231040000046,
    2.4003313760001674,
    2.4840757769998163,
    2.4957543320001605,
    2.447568801999978,
    2.434502742999939,
    2.4030745999998544,
    2.385530714999959,
    2.3327192540000397
  ],
  "prusti-tests/tests/verify/pass/demos/account.rs": [
    2.1567129929999282,
    2.1701161549999597,
    2.142362425000101,
    2.159783852000146,
    2.174452912000106,
    2.098629553000137,
    2.125444479999942,
    2.156114260000095,
    2.1354738859999998,
    2.099401213999954
  ],
  "prusti-tests/tests/verify/pass/rosetta/Knights_tour.rs": [
    135.74889523800016,
    134.19091392899986,
    128.1179346450001,
    131.84188040599997,
    123.12517137499981,
    130.7062574470001,
    128.65192319200014,
    136.8442112839998,
    138.1671495339997,
    129.24163977100034
  ],
  "prusti-tests/tests/verify/pass/quick/fold-unfold.rs": [
    1.4438850609999463,
    1.4166321160000734,
    1.4252696620001188,
    1.4252379620002102,
    1.34454553400019,
    1.4243214450002597,
    1.4152178879999155,
    1.3460480220001045,
    1.3822383130000162,
    1.4057294369999909
  ],
  "prusti-tests/tests/verify/pass/quick/moves.rs": [
    1.691832722000072,
    1.724805798000034,
    1.7771816449999278,
    1.69682876700017,
    1.6897883339997861,
    1.684998806999829,
    1.6702719330000946,
    1.6980299629999536,
    1.6910277300003145,
    1.6824210890003997
  ],
  "prusti-tests/tests/verify/pass/quick/mut-borrows.rs": [
    3.327128183000241,
    3.2961815799999385,
    3.3245424699998694,
    3.3421320950001245,
    3.3167227009998896,
    3.262478633000228,
    3.2860743289998027,
    3.2643149969999286,
    3.314211081999929,
    3.3297113019998505
  ],
  "prusti-tests/tests/verify/pass/quick/shared-borrows.rs": [
    2.0569067090000317,
    2.1240545430000566,
    2.0820601340001303,
    2.102035029000035,
    2.111770260999947,
    2.082867515000089,
    2.1062802329997794,
    2.103511250000338,
    2.116217255000265,
    2.0408366440001373
  ],
  "prusti-tests/tests/verify/pass/quick/trait-contracts-refinement.rs": [
    1.810395890000109,
    1.8110881450002125,
    1.782729279999785,
    1.7622930949996771,
    1.7656028080000397,
    1.755408265999904,
    1.7775351639998007,
    1.777601513999798,
    1.7437928459999057,
    1.7998655240003245
  ],
  "prusti-tests/tests/verify/pass/quick/routes.rs": [
    5.517562001999977,
    5.122948387999713,
    5.007449288999851,
    5.085891793999963,
    5.0141909320000195,
    5.15492630000017,
    5.196832739999991,
    4.982019397000386,
    4.996341075000146,
    4.955227230999753
  ],
  "prusti-tests/tests/verify/pass/quick/fibonacci.rs": [
    6.591126352999709,
    6.5817825499998435,
    6.561875050999788,
    6.766188882999813,
    7.148592757999722,
    7.405822575000002,
    7.88507681100009,
    7.234059357000206,
    7.532868598000277,
    7.164337560999684
  ],
  "prusti-tests/tests/verify/pass/pure-fn/len-lookup.rs": [
    3.691236264000054,
    3.7236750420001954,
    3.6528278890000365,
    3.6414769259999957,
    3.8952231040002516,
    3.737972097999773,
    3.942229659000077,
    3.805349205999846,
    3.786936022000191,
    3.8601964690001296
  ],
  "prusti-tests/tests/verify/pass/pure-fn/quantifiers.rs": [
    2.344328686999688,
    2.361236598999767,
    2.317748479000329,
    2.2699004350001815,
    2.3049698499999067,
    2.2131378200001564,
    2.2242010350000783,
    2.224879713000064,
    2.192376114000126,
    2.232172123000055
  ],
  "prusti-tests/tests/verify/pass/pure-fn/recursive-pure-fn.rs": [
    1.9561681740001404,
    2.007043706999866,
    1.93507228999988,
    1.9249948430001496,
    1.9760838799998055,
    1.9617770750001,
    2.0037879400001657,
    2.024324254000021,
    2.0543379200003073,
    2.1986833840001054
  ],
  "prusti-tests/tests/verify/pass/pure-fn/ref-mut-arg.rs": [
    3.2664480040002672,
    3.3821853550002743,
    3.1934970389997943,
    3.181338839000091,
    3.270265225000003,
    3.237608841999645,
    3.422199585999806,
    3.319595923000179,
    3.183293351999964,
    3.1487058520001483
  ],
  "prusti-tests/tests/verify/pass/rosetta/Ackermann_function.rs": [
    2.189488020999761,
    2.222664089000318,
    2.2621734370000013,
    2.156405151999934,
    2.182615757000349,
    2.138281379000091,
    2.133843213000091,
    2.1215788520003116,
    2.13902423799982,
    2.18946338700016
  ],
  "prusti-tests/tests/verify/pass/rosetta/Heapsort.rs": [
    13.44982545799985,
    14.166468186000202,
    14.262803846000224,
    14.435541980999915,
    13.983267578999858,
    13.2322729360003,
    12.943749574999856,
    13.088528317000055,
    13.081491445999745,
    13.8956428219999
  ]
}