{
  "prusti-tests/tests/verify/pass/rosetta/Knuth_shuffle.rs": [
    2.708288523999954,
    0.3626315829999385,
    0.3607350590000351,
    0.3602180519999365,
    0.36184427299997424,
    0.35727241400002185,
    0.35876953299998604,
    0.3569062090000443,
    0.3577237200000809,
    0.3621487759999127
  ],
  "prusti-tests/tests/verify/pass/demos/account.rs": [
    2.234518245000004,
    0.13360093200003575,
    0.12766785400003755,
    0.1272471490000271,
    0.1287744679999605,
    0.12807626000005712,
    0.12796205799998006,
    0.12921927399997912,
    0.13024268799995298,
    0.1286726670000462
  ],
  "prusti-tests/tests/verify/pass/rosetta/Knights_tour.rs": [
    106.7131066610001,
    2.569911397999931,
    2.568829575999871,
    2.5706484100001035,
    2.569982084000003,
    2.5727608300001066,
    2.5765025979999336,
    2.5771494099999472,
    2.5697942980000335,
    2.5683747769999172
  ],
  "prusti-tests/tests/verify/pass/quick/fold-unfold.rs": [
    1.2207487820001006,
    0.09725414400008958,
    0.09647783200011872,
    0.09739204600009543,
    0.09669163599983222,
    0.0961391260000255,
    0.09773445200016795,
    0.09571802000004936,
    0.09838756199997079,
    0.09778085200014175
  ],
  "prusti-tests/tests/verify/pass/quick/moves.rs": [
    1.4476498079998237,
    0.09171495999999024,
    0.09202046500013239,
    0.09176006000006964,
    0.09128995099990789,
    0.09217536799997106,
    0.09182956199992987,
    0.09103884799992557,
    0.09151305600016713,
    0.09112604899996768
  ],
  "prusti-tests/tests/verify/pass/quick/mut-borrows.rs": [
    2.9006510869999147,
    0.15631662800001322,
    0.15593492099992545,
    0.15794595800002753,
    0.15670483600001717,
    0.15731994699990537,
    0.1578573570000117,
    0.15587252099999205,
    0.15878517300006934,
    0.15558361500006868
  ],
  "prusti-tests/tests/verify/pass/quick/shared-borrows.rs": [
    1.9841786029999184,
    0.09215106700003162,
    0.09180626099987421,
    0.0910464480000428,
    0.09040993600001457,
    0.09144705500011696,
    0.09052163999990626,
    0.08926471700010552,
    0.09232187299994621,
    0.09145185600004879
  ],
  "prusti-tests/tests/verify/pass/quick/trait-contracts-refinement.rs": [
    1.6973685440000281,
    0.13567665699997633,
    0.1375688910000008,
    0.13552265399994212,
    0.13686137899981077,
    0.1378658969999833,
    0.13616456599993398,
    0.13578745999984676,
    0.1347308399999747,
    0.1355326549999063
  ],
  "prusti-tests/tests/verify/pass/quick/routes.rs": [
    5.103096902000061,
    0.34284736799986604,
    0.339323904000139,
    0.3411487369999122,
    0.3395288070000788,
    0.3409777340000346,
    0.3416508459999932,
    0.3423576590000721,
    0.34229415799995877,
    0.33978591200002484
  ],
  "prusti-tests/tests/verify/pass/quick/fibonacci.rs": [
    0.3703587709999283,
    0.37438184400002683,
    0.3749340540000503,
    0.37345752700002777,
    0.3684247349999623,
    0.3689311440000438,
    0.3707190770001034,
    0.3741691400000491,
    0.3725014100000408,
    0.37236970800017843
  ],
  "prusti-tests/tests/verify/pass/pure-fn/len-lookup.rs": [
    3.5970190100001673,
    0.21542630299995835,
    0.20956869700012248,
    0.21106652399998893,
    0.20949219600015567,
    0.20912609000015436,
    0.21153043300000718,
    0.20940269400011857,
    0.21824885499995617,
    0.2117823370001588
  ],
  "prusti-tests/tests/verify/pass/pure-fn/quantifiers.rs": [
    2.1747874080001566,
    0.18551266099984787,
    0.18708298999990802,
    0.18640297800016015,
    0.18688428700011173,
    0.18713909100006276,
    0.1852039559998957,
    0.18471153499990578,
    0.18603895799992642,
    0.1892638150000039
  ],
  "prusti-tests/tests/verify/pass/pure-fn/recursive-pure-fn.rs": [
    1.9127871230000437,
    0.14417460200002097,
    0.14521482099985406,
    0.14473201199984942,
    0.14545622600007846,
    0.14666034700007913,
    0.14708025499999167,
    0.14647494399991956,
    0.144417606999923,
    0.14506721799989464
  ],
  "prusti-tests/tests/verify/pass/pure-fn/ref-mut-arg.rs": [
    2.868473670999947,
    0.18920521400013968,
    0.19016223199992055,
    0.18877930700000434,
    0.18739798199999314,
    0.18914001400003144,
    0.18676766999988104,
    0.1876527869999336,
    0.18832110400012425,
    0.1891499210000802
  ],
  "prusti-tests/tests/verify/pass/rosetta/Ackermann_function.rs": [
    1.855189653000025,
    0.22522307400004138,
    0.22520017300007567,
    0.22424505599997246,
    0.22536377500000526,
    0.22445395899990217,
    0.22603928800003814,
    0.2282175279999592,
    0.22793192199992518,
    0.22609448899993367
  ],
  "prusti-tests/tests/verify/pass/rosetta/Heapsort.rs": [
    11.712500617999922,
    1.0721152500000244,
    1.0622544580000977,
    1.0700052980000692,
    1.066875342000003,
    1.0634922809999807,
    1.0660185259998798,
    1.0681005639999057,
    1.0622335630000634,
    1.07006510899987
  ]
}