{
  "prusti-tests/tests/verify/pass/rosetta/Knuth_shuffle.rs": [
    2.574386491000041,
    0.3191156640000372,
    0.3080395200000794,
    0.3070371520000208,
    0.30746243900000536,
    0.30785482499993577,
    0.3074689379999427,
    0.3144158149999612,
    0.3078359270000419,
    0.30756153599998015
  ],
  "prusti-tests/tests/verify/pass/demos/account.rs": [
    2.050383735000082,
    0.11645386500003951,
    0.11626476999992974,
    0.11602657900004942,
    0.11579528600009326,
    0.1161042759999873,
    0.11559429299995827,
    0.11626189699995848,
    0.11786444399990614,
    0.11626928600003339
  ],
  "prusti-tests/tests/verify/pass/rosetta/Knights_tour.rs": [
    92.53927285700001,
    2.155030424000074,
    2.147324592000018,
    2.1459794920000377,
    2.1428733809999585,
    2.146593394999968,
    2.1491721339999685,
    2.142881089999946,
    2.1414452789999814,
    2.1452956919999906
  ],
  "prusti-tests/tests/verify/pass/quick/fold-unfold.rs": [
    1.2295704980000437,
    0.0922938129999693,
    0.08906608600000254,
    0.08885289099998772,
    0.08904588600000807,
    0.08859159600001476,
    0.0885082989999546,
    0.08853729800000565,
    0.08925118199999815,
    0.0899380010000641
  ],
  "prusti-tests/tests/verify/pass/quick/moves.rs": [
    1.415044150999961,
    0.08512959600000158,
    0.0835793169999306,
    0.08646137900007034,
    0.08362841500002105,
    0.08352451700000074,
    0.08310042200002954,
    0.0827823269999044,
    0.08329522000008183,
    0.08314892200007762
  ],
  "prusti-tests/tests/verify/pass/quick/mut-borrows.rs": [
    2.7841319540000313,
    0.143604406999998,
    0.14276992700001756,
    0.14394009900001947,
    0.14192624499992235,
    0.1429012229999671,
    0.14223633900007826,
    0.1425796310001033,
    0.14232153699992978,
    0.14178834899996673
  ],
  "prusti-tests/tests/verify/pass/quick/shared-borrows.rs": [
    1.732487282999955,
    0.08994975799998883,
    0.08339300000000094,
    0.08191143199996986,
    0.08186193300002742,
    0.08226452399992468,
    0.08383218999995279,
    0.08338630000002922,
    0.08301150700003745,
    0.08269121499995435
  ],
  "prusti-tests/tests/verify/pass/quick/trait-contracts-refinement.rs": [
    1.4803139389999842,
    0.12672876399994948,
    0.12563788700003897,
    0.12542409200000293,
    0.12587898300000688,
    0.12588928200000282,
    0.12589348100004827,
    0.12633747200004564,
    0.12524809599995024,
    0.12477670600003421
  ],
  "prusti-tests/tests/verify/pass/quick/routes.rs": [
    4.943658987000049,
    0.3188203740000972,
    0.3184900800000605,
    0.3168556110000509,
    0.31700610699999743,
    0.3169002099999716,
    0.3169742090000227,
    0.3164383189999853,
    0.31724450399997295,
    0.3160218259999965
  ],
  "prusti-tests/tests/verify/pass/quick/fibonacci.rs": [
    0.3328451129999621,
    0.33613125199997285,
    0.3343948840000621,
    0.3325177189999522,
    0.33100334800008113,
    0.33349530199996025,
    0.3346126810000669,
    0.33233142299991414,
    0.3325850179999179,
    0.3341126540000232
  ],
  "prusti-tests/tests/verify/pass/pure-fn/len-lookup.rs": [
    3.320230817000038,
    0.2032099540000445,
    0.1985118520000242,
    0.19718627999998262,
    0.1964168960000734,
    0.19743247400003838,
    0.19706108200000472,
    0.1967135889999554,
    0.19618239999999787,
    0.19620159999999487
  ],
  "prusti-tests/tests/verify/pass/pure-fn/quantifiers.rs": [
    2.0363148489999503,
    0.17419826000002558,
    0.17245169699992857,
    0.17287178799995218,
    0.1741630610000584,
    0.1732932790000632,
    0.17304588399997556,
    0.17319188099997973,
    0.1722550009999395,
    0.17213870299997325
  ],
  "prusti-tests/tests/verify/pass/pure-fn/recursive-pure-fn.rs": [
    1.761896954000008,
    0.13109659799999918,
    0.13149348999991162,
    0.1307289059999448,
    0.13076780500000496,
    0.13087190299995655,
    0.13155148900000313,
    0.13169768600005227,
    0.13247496999997566,
    0.13066280700002153
  ],
  "prusti-tests/tests/verify/pass/pure-fn/ref-mut-arg.rs": [
    2.6250578039999937,
    0.16542069100000845,
    0.16280494499994802,
    0.16290604300002087,
    0.16293274300005578,
    0.16476780499999677,
    0.16762954599994373,
    0.16569048500002737,
    0.1648953019999908,
    0.1634845309999946
  ],
  "prusti-tests/tests/verify/pass/rosetta/Ackermann_function.rs": [
    1.7681615620000457,
    0.20018119799999567,
    0.2005644769999435,
    0.20180436499992993,
    0.20149056800005383,
    0.19937218899997333,
    0.20059757699993952,
    0.20143426899994665,
    0.20151416800001698,
    0.20063657699995474
  ],
  "prusti-tests/tests/verify/pass/rosetta/Heapsort.rs": [
    9.134611812000003,
    0.9243620419999843,
    0.9185965600000827,
    0.9266317950000484,
    0.9119389979999823,
    0.9100377370000388,
    0.9151894219999122,
    0.9135743870000397,
    0.9110347380000121,
    0.9112809320000679
  ]
}