{
  "prusti-tests/tests/verify/pass/rosetta/Knuth_shuffle.rs": [
    2.292172007999966,
    1.9387520640000275,
    2.037362532999964,
    1.9469730189999837,
    1.9378326290000132,
    1.9060985759999767,
    1.9610647480000125,
    1.923341793000077,
    1.8871246519998977,
    1.9412685260000444
  ],
  "prusti-tests/tests/verify/pass/demos/account.rs": [
    1.7968199490001098,
    1.8008451769999283,
    1.7789368289999175,
    1.7890560849999702,
    1.7841931499999646,
    1.793204911000089,
    1.8045214880000913,
    1.8149795519999543,
    1.7651295090000758,
    1.7651230090000354
  ],
  "prusti-tests/tests/verify/pass/rosetta/Knights_tour.rs": [
    102.15693257500004,
    102.83660070899998,
    100.06278243600002,
    101.59289663699997,
    96.7363372929999,
    101.96231318599985,
    100.81164610500014,
    98.84073563600009,
    99.435463089,
    96.009470125
  ],
  "prusti-tests/tests/verify/pass/quick/fold-unfold.rs": [
    1.1867636060001132,
    1.1925229450000643,
    1.1875414119999732,
    1.1815308810000715,
    1.18751505299997,
    1.1913436780000666,
    1.1752695709999443,
    1.1915217790001407,
    1.1990806290000364,
    1.1878850549999243
  ],
  "prusti-tests/tests/verify/pass/quick/moves.rs": [
    1.4384358180000163,
    1.439980905000084,
    1.4524026890001096,
    1.4463941480000813,
    1.4467846509999163,
    1.4519543870001144,
    1.4446536609998475,
    1.4400995299999977,
    1.43982092799979,
    1.4383036179999635
  ],
  "prusti-tests/tests/verify/pass/quick/mut-borrows.rs": [
    2.856344113999967,
    2.84109896200016,
    2.8368960329999027,
    2.84975254699998,
    2.832346533999953,
    2.84508490799999,
    2.830169049999995,
    2.8255574260001595,
    2.8434761620001154,
    2.849141801000087
  ],
  "prusti-tests/tests/verify/pass/quick/shared-borrows.rs": [
    1.7952880919999643,
    1.8069258699999864,
    1.792417174000093,
    1.7990665970000919,
    1.7974940200001583,
    1.7987000280002121,
    1.7964031129999967,
    1.8063791810000112,
    1.8078757990001577,
    1.820051476999879
  ],
  "prusti-tests/tests/verify/pass/quick/trait-contracts-refinement.rs": [
    1.5364016419998734,
    1.5400606650000555,
    1.519633112000065,
    1.5017142770000191,
    1.5469337680001445,
    1.503562288000012,
    1.503324186999862,
    1.5732615710001028,
    1.5091452510000636,
    1.5115411669999048
  ],
  "prusti-tests/tests/verify/pass/quick/routes.rs": [
    4.852816479000012,
    4.658689359999926,
    4.584140540000135,
    4.444688248000148,
    4.521265735000043,
    4.472811788999934,
    4.531981679999944,
    4.44145261299991,
    4.538452548999885,
    4.452290817999938
  ],
  "prusti-tests/tests/verify/pass/quick/fibonacci.rs": [
    5.883693752999989,
    5.737738970999999,
    5.792052885999965,
    5.849416462000136,
    5.724080479000122,
    5.761067453000123,
    5.824582968999948,
    5.7233617209999466,
    5.7656331329999375,
    5.768286157000148
  ],
  "prusti-tests/tests/verify/pass/pure-fn/len-lookup.rs": [
    3.2810905660001026,
    3.3356704369998624,
    3.3298912959999143,
    3.2738612789999024,
    3.272826354000017,
    3.277737360999936,
    3.33414202799986,
    3.2853444639999907,
    3.2733088140000746,
    3.319730042999936
  ],
  "prusti-tests/tests/verify/pass/pure-fn/quantifiers.rs": [
    2.0347837950000667,
    2.052941816999919,
    2.0254007080000065,
    2.03309447599986,
    2.050402094000219,
    2.0255872259999705,
    2.0240744150000864,
    2.0317612800001825,
    2.041351645000077,
    2.038133622000032
  ],
  "prusti-tests/tests/verify/pass/pure-fn/recursive-pure-fn.rs": [
    1.8008205350001845,
    1.8162348619998738,
    1.807662801000106,
    1.8064352929998222,
    1.8099780210000063,
    1.8394047369999953,
    1.8133298599998398,
    1.8028782879998744,
    1.8110604380001405,
    1.8034122349999961
  ],
  "prusti-tests/tests/verify/pass/pure-fn/ref-mut-arg.rs": [
    2.7129402059999848,
    2.769721491000155,
    2.705705782999985,
    2.7264345309999953,
    2.690798389000065,
    2.678888718000053,
    2.800652990000117,
    2.673052706999897,
    2.6996097559999725,
    2.760052104000124
  ],
  "prusti-tests/tests/verify/pass/rosetta/Ackermann_function.rs": [
    1.8327852209999946,
    1.7982796759999928,
    1.8457133570000224,
    1.7935816809999778,
    1.813798487999975,
    1.7954806449999978,
    1.819949650000126,
    1.8000460129999283,
    1.8057574520000799,
    1.7953529809999509
  ],
  "prusti-tests/tests/verify/pass/rosetta/Heapsort.rs": [
    9.328941910999902,
    9.263564768999913,
    9.215833760000123,
    9.304330575999757,
    9.461111266999978,
    9.372351111000171,
    9.109452388000136,
    9.107696454999768,
    9.28022640600011,
    9.213763325999935
  ]
}