{
  "prusti-tests/tests/verify/pass/rosetta/Knuth_shuffle.rs": [
    3.25539751600013,
    0.40676186499990763,
    0.4189452279999841,
    0.4226489099999071,
    0.38372080799990727,
    0.3990389600000981,
    0.3965336680000746,
    0.38304101000017,
    0.39796936399989136,
    0.38706059700007245
  ],
  "prusti-tests/tests/verify/pass/demos/account.rs": [
    2.7409610859999702,
    0.14133406099995227,
    0.1395474670000567,
    0.14629934599997796,
    0.14698034399998505,
    0.14835923900000125,
    0.15109683099990434,
    0.14726164200010317,
    0.14042196400009743,
    0.13393608399996992
  ],
  "prusti-tests/tests/verify/pass/rosetta/Knights_tour.rs": [
    116.35957037200001,
    3.5982055599999967,
    3.6583663649998925,
    3.6720593019999797,
    3.0935357109999586,
    2.873636857000065,
    2.9901369719998456,
    2.93328325199991,
    3.0213610470000276,
    2.8922463450001032
  ],
  "prusti-tests/tests/verify/pass/quick/fold-unfold.rs": [
    1.4698289020000175,
    0.11261611000008998,
    0.10630252600003587,
    0.10776972199982993,
    0.10682422499985478,
    0.10753742299993974,
    0.10715122400006294,
    0.11612179999997352,
    0.11534350300007645,
    0.11242551000009371
  ],
  "prusti-tests/tests/verify/pass/quick/moves.rs": [
    1.706662900999845,
    0.10729642400019657,
    0.10539392900000166,
    0.10584782700016149,
    0.105721628000083,
    0.10924141800001053,
    0.11041671499992844,
    0.10484732999998414,
    0.10710322399995675,
    0.10607852700013609
  ],
  "prusti-tests/tests/verify/pass/quick/mut-borrows.rs": [
    3.62657055700015,
    0.1749988569999914,
    0.1785158479999609,
    0.18307063700012804,
    0.17569385499996315,
    0.17150186599997141,
    0.18289333699999588,
    0.18209163899996383,
    0.17933044599999448,
    0.18203063999999358
  ],
  "prusti-tests/tests/verify/pass/quick/shared-borrows.rs": [
    2.2010344320001423,
    0.10935542399988663,
    0.10978862299998582,
    0.10507563400005893,
    0.10380443799999739,
    0.11024412099982328,
    0.10869772500018371,
    0.10301183899991884,
    0.10384793699995498,
    0.10696393000011994
  ],
  "prusti-tests/tests/verify/pass/quick/trait-contracts-refinement.rs": [
    2.100469186000055,
    0.15056031900007838,
    0.15317541200010965,
    0.14931102200011992,
    0.15682890400012184,
    0.15073641899994072,
    0.15011822000019492,
    0.15289321099999142,
    0.16186428599985447,
    0.15019321599993418
  ],
  "prusti-tests/tests/verify/pass/quick/routes.rs": [
    6.8493051539999215,
    0.4400197729999036,
    0.4325321900000745,
    0.4365521730001092,
    0.4282470949999606,
    0.4469266460000654,
    0.414380729999948,
    0.4028992589999234,
    0.4050137540000378,
    0.4026290599999811
  ],
  "prusti-tests/tests/verify/pass/quick/fibonacci.rs": [
    0.41420103100017513,
    0.4246407040000122,
    0.4186539189997802,
    0.4390326660000028,
    0.4090645440001026,
    0.41748892200007504,
    0.45263003200011553,
    0.426755797999931,
    0.41237893499987877,
    0.396610475999978
  ],
  "prusti-tests/tests/verify/pass/pure-fn/len-lookup.rs": [
    4.3603691040000285,
    0.24638946099980785,
    0.24117517500008034,
    0.25280894399998033,
    0.2512204490001295,
    0.2515692480001235,
    0.25038875099994584,
    0.23924538000005668,
    0.2525628449998294,
    0.25083234999988235
  ],
  "prusti-tests/tests/verify/pass/pure-fn/quantifiers.rs": [
    2.688459830000056,
    0.22256402199991498,
    0.2191329320000932,
    0.21959083100000498,
    0.21089325299999473,
    0.2166367380000338,
    0.1969533889998729,
    0.21155535200000486,
    0.20799006099991857,
    0.2013452779999625
  ],
  "prusti-tests/tests/verify/pass/pure-fn/recursive-pure-fn.rs": [
    2.2432654790000015,
    0.15670019300000604,
    0.16661046800004442,
    0.16760236499999337,
    0.15997778500013737,
    0.15363280199994733,
    0.1717433549999896,
    0.15982828500000323,
    0.16055468300010034,
    0.160969582000007
  ],
  "prusti-tests/tests/verify/pass/pure-fn/ref-mut-arg.rs": [
    3.4029669689998627,
    0.2207867269999042,
    0.21216744999992443,
    0.2124109490000592,
    0.220152927999834,
    0.21881593200009775,
    0.21316064699999515,
    0.21878463200005172,
    0.21193674999994982,
    0.22292302100004235
  ],
  "prusti-tests/tests/verify/pass/rosetta/Ackermann_function.rs": [
    2.23296570399998,
    0.2574080320000576,
    0.25140424799997163,
    0.24880005499994695,
    0.2562934350000887,
    0.25092094899991935,
    0.25308224300010806,
    0.25732073199992556,
    0.28590555799996764,
    0.2721182940001654
  ],
  "prusti-tests/tests/verify/pass/rosetta/Heapsort.rs": [
    12.673407187999828,
    1.2713567979999425,
    1.2402080789997854,
    1.226424914999825,
    1.2788466780000363,
    1.250510752000082,
    1.2621086219999142,
    1.229378006999923,
    1.2545261409998147,
    1.2571154349998324
  ]
}