{
  "prusti-tests/tests/verify/pass/rosetta/Knuth_shuffle.rs": [
    2.7243891890000214,
    2.327285376999953,
    2.479632093999953,
    2.236655165000002,
    2.2862755119999747,
    2.3353214270000535,
    2.235797901000069,
    2.2785201320000397,
    2.313398755000094,
    2.399269631999914
  ],
  "prusti-tests/tests/verify/pass/demos/account.rs": [
    2.1609751340000685,
    2.190062112000078,
    2.131192116999955,
    2.1803084620000845,
    2.230036334999909,
    2.1566768039999715,
    2.245293413000013,
    2.2544718279999643,
    2.1892356660000587,
    2.2397508789999847
  ],
  "prusti-tests/tests/verify/pass/rosetta/Knights_tour.rs": [
    127.36369833900005,
    127.18256710799994,
    127.8243975580001,
    119.91180449199987,
    126.38432531600006,
    123.90104387499991,
    122.99822427000004,
    124.29683155199996,
    123.29508548000013,
    128.09114399300006
  ],
  "prusti-tests/tests/verify/pass/quick/fold-unfold.rs": [
    1.4788833630000227,
    1.527101510999728,
    1.483852878000107,
    1.4617933829999856,
    1.4696716819998983,
    1.4491665400000784,
    1.454944701000386,
    1.4614641119997032,
    1.438101937999818,
    1.4385053629998765
  ],
  "prusti-tests/tests/verify/pass/quick/moves.rs": [
    1.7484217750002244,
    1.7302931320000425,
    1.7658608909996474,
    1.782506646999991,
    1.721360065999761,
    1.7316711620001115,
    1.7304332620001333,
    1.7292832900002395,
    1.740510299000107,
    1.7397265479999078
  ],
  "prusti-tests/tests/verify/pass/quick/mut-borrows.rs": [
    3.4766684139999597,
    3.5081110010000884,
    3.5185671190001813,
    3.562957181999991,
    3.574187535999954,
    3.603335791999598,
    3.5404487089999748,
    3.506539732999954,
    3.550755583999944,
    3.543090998000025
  ],
  "prusti-tests/tests/verify/pass/quick/shared-borrows.rs": [
    2.2459883310002624,
    2.2260457639999913,
    2.194953567000084,
    2.1414314850003393,
    2.158033634000276,
    2.185698311000124,
    2.18114345999993,
    2.19085237399986,
    2.1924518760001774,
    2.1681356230001256
  ],
  "prusti-tests/tests/verify/pass/quick/trait-contracts-refinement.rs": [
    1.9147208589997717,
    1.8591388509998978,
    1.8990518700002212,
    1.9195202460000473,
    1.858129364999968,
    1.8162849240002288,
    1.854453432000355,
    1.894704174999788,
    1.991900213000008,
    1.8955926349999572
  ],
  "prusti-tests/tests/verify/pass/quick/routes.rs": [
    6.235400250999646,
    5.863005360999978,
    5.958312814999772,
    5.970820320000257,
    5.993435499999578,
    5.847925875000328,
    6.020130062000135,
    5.6155444109999735,
    5.750740553000014,
    5.5986109980003675
  ],
  "prusti-tests/tests/verify/pass/quick/fibonacci.rs": [
    7.401267153999925,
    7.155508161999933,
    7.2377894450000895,
    7.277550276000056,
    7.448606006000318,
    7.793982059999962,
    7.627624978999847,
    7.417204567999761,
    7.259304354000051,
    7.35867172899998
  ],
  "prusti-tests/tests/verify/pass/pure-fn/len-lookup.rs": [
    4.179926690000229,
    4.079140871000163,
    3.9991475850001734,
    4.094664995999665,
    4.148353358999884,
    4.030480815000374,
    4.368417344000136,
    4.3712163709997185,
    4.261857958999826,
    4.2733571939998
  ],
  "prusti-tests/tests/verify/pass/pure-fn/quantifiers.rs": [
    2.6631314100000054,
    2.66337426400014,
    2.5770858579999185,
    2.6165489489999345,
    2.6006313519997093,
    2.660892476000299,
    2.585864137000044,
    2.562130138000157,
    2.627510742999675,
    2.564901788000043
  ],
  "prusti-tests/tests/verify/pass/pure-fn/recursive-pure-fn.rs": [
    2.263134028999957,
    2.236224102000051,
    2.295864655999594,
    2.2105887729999267,
    2.3117501579999953,
    2.198476196000229,
    2.2162848200000553,
    2.2361871769999198,
    2.2927063450001697,
    2.2596915599997374
  ],
  "prusti-tests/tests/verify/pass/pure-fn/ref-mut-arg.rs": [
    3.4159287550000954,
    3.2544507470001918,
    3.248718419999932,
    3.3140941430001476,
    3.2219526009998845,
    3.3548450950002007,
    3.3028919080002197,
    3.3307904120001695,
    3.3274137240000528,
    3.2981932120001147
  ],
  "prusti-tests/tests/verify/pass/rosetta/Ackermann_function.rs": [
    2.290909001000273,
    2.2820695079999496,
    2.316569162000178,
    2.2698575090003033,
    2.3423338190000322,
    2.317369109000083,
    2.2874725130000115,
    2.294164337999973,
    2.3341244780003763,
    2.281497816999945
  ],
  "prusti-tests/tests/verify/pass/rosetta/Heapsort.rs": [
    12.52807579599994,
    11.869888107000406,
    12.092565540000123,
    12.189584987999751,
    12.191606976999992,
    11.945542989000387,
    12.227109216999906,
    12.568076309999924,
    11.818179478000275,
    12.095881031000317
  ]
}