{
  "prusti-tests/tests/verify/pass/rosetta/Knuth_shuffle.rs": [
    2.4311686969999755,
    0.3347759859999542,
    0.3149581070000522,
    0.31414062499993634,
    0.31498090700006287,
    0.31513580299997557,
    0.3147676119999687,
    0.3197820049999791,
    0.3155366949999916,
    0.3189413220000006
  ],
  "prusti-tests/tests/verify/pass/demos/account.rs": [
    2.0959377620000623,
    0.12065643599999021,
    0.12144141900000704,
    0.1212524239999766,
    0.12200010800006567,
    0.12112612600003558,
    0.12090923100004147,
    0.12095222999994348,
    0.12153851799996573,
    0.1219751080000151
  ],
  "prusti-tests/tests/verify/pass/rosetta/Knights_tour.rs": [
    99.08456131000003,
    2.166591232999963,
    2.1756535389999954,
    2.1738131669999348,
    2.1724576249999927,
    2.1702484740000045,
    2.167443736999985,
    2.165953916000035,
    2.1698500960000047,
    2.1734796179999876
  ],
  "prusti-tests/tests/verify/pass/quick/fold-unfold.rs": [
    1.2305467260000569,
    0.09777800400001979,
    0.09350919600001362,
    0.09213012599991544,
    0.09319170300000224,
    0.09457457300004535,
    0.09306280500004505,
    0.09300190700002986,
    0.09618793899994671,
    0.09428913499993996
  ],
  "prusti-tests/tests/verify/pass/quick/moves.rs": [
    1.4403706140000168,
    0.08783664999998564,
    0.08772845199996482,
    0.0886981299998979,
    0.09137087099998098,
    0.08861353200006761,
    0.0876982530000987,
    0.08840363699994214,
    0.08915262000004986,
    0.08884992699995564
  ],
  "prusti-tests/tests/verify/pass/quick/mut-borrows.rs": [
    2.8453324140000404,
    0.15004426799998782,
    0.14920008700005383,
    0.15027266300000974,
    0.14880049500004588,
    0.14891409300003033,
    0.14894179299994903,
    0.15267850899999758,
    0.14823260800005755,
    0.1491759870000351
  ],
  "prusti-tests/tests/verify/pass/quick/shared-borrows.rs": [
    1.7956236439999884,
    0.09200493099990581,
    0.08779402000004666,
    0.08768772199994146,
    0.08721913199997289,
    0.08679674099994372,
    0.08700893699995049,
    0.08913249099998666,
    0.08800961500003268,
    0.08773572099994453
  ],
  "prusti-tests/tests/verify/pass/quick/trait-contracts-refinement.rs": [
    1.5258488300000863,
    0.13225186800002575,
    0.13077220000002399,
    0.13191167600007248,
    0.13113349200000357,
    0.13086789800001952,
    0.13122799100005977,
    0.1317768789999718,
    0.1295056270000714,
    0.1294912270000168
  ],
  "prusti-tests/tests/verify/pass/quick/routes.rs": [
    5.1824886260000085,
    0.32419809700002133,
    0.32609271499995884,
    0.3300660900000594,
    0.32908161199998176,
    0.3258608810000396,
    0.327055654999981,
    0.326368269999989,
    0.3261524739999686,
    0.32646046799993655
  ],
  "prusti-tests/tests/verify/pass/quick/fibonacci.rs": [
    0.3454396590000215,
    0.3421354299999848,
    0.3463663389999283,
    0.3461497429999554,
    0.35268150299998524,
    0.34542835900003865,
    0.34410188799995467,
    0.34618594299990946,
    0.34454887899994446,
    0.3449565700000221
  ],
  "prusti-tests/tests/verify/pass/pure-fn/len-lookup.rs": [
    3.5419616059999726,
    0.2039498659999026,
    0.20453884999994898,
    0.20528298799990807,
    0.20601546500006407,
    0.206602351000015,
    0.20673924800007626,
    0.21217242899990651,
    0.20821301600005881,
    0.20502688600004149
  ],
  "prusti-tests/tests/verify/pass/pure-fn/quantifiers.rs": [
    2.1850095940000074,
    0.19039460800001962,
    0.17885896300003878,
    0.17776908600001207,
    0.17910835600002883,
    0.17975864200002434,
    0.1781457769999406,
    0.1779451780000727,
    0.17821027200000117,
    0.17687300099998993
  ],
  "prusti-tests/tests/verify/pass/pure-fn/recursive-pure-fn.rs": [
    1.8210106629999245,
    0.13541901600001438,
    0.1363722940000116,
    0.13579920699999093,
    0.13536901700001636,
    0.13598950300001889,
    0.13555121199999576,
    0.13732267299997147,
    0.13602200200000425,
    0.13527091899993593
  ],
  "prusti-tests/tests/verify/pass/pure-fn/ref-mut-arg.rs": [
    2.7609136469999385,
    0.1704989419999947,
    0.17048604199999318,
    0.17091063300006226,
    0.169295267999928,
    0.16812719400002152,
    0.1681110950000857,
    0.1680770959999336,
    0.16847888699999203,
    0.16866118300004018
  ],
  "prusti-tests/tests/verify/pass/rosetta/Ackermann_function.rs": [
    1.801583103999974,
    0.20727630800001862,
    0.20731080799998836,
    0.20759280100003252,
    0.20747840299998188,
    0.20794409400002678,
    0.20888027299997702,
    0.21101942699999654,
    0.20753990299999714,
    0.20814098999994712
  ],
  "prusti-tests/tests/verify/pass/rosetta/Heapsort.rs": [
    9.716837278000071,
    0.9276149879999593,
    0.9251530419999199,
    0.93215588999999,
    0.9227326550000043,
    0.9275583500000266,
    0.923238844000025,
    0.9242397230000279,
    0.9230269490000182,
    0.9219204730000001
  ]
}