{
  "prusti-tests/tests/verify/pass/rosetta/Knuth_shuffle.rs": [
    2.7293343750000076,
    0.3497308039999325,
    0.3565254100000175,
    0.3492128039999898,
    0.3511984059999804,
    0.35061610499997187,
    0.35108190599999034,
    0.3495500039999797,
    0.3505488050000167,
    0.34973260399999617
  ],
  "prusti-tests/tests/verify/pass/demos/account.rs": [
    2.2039889159999575,
    0.131049513999983,
    0.135020016999988,
    0.1265377099999796,
    0.12645980900003906,
    0.12615250999999716,
    0.12643570900002032,
    0.12866481100002147,
    0.12728931100002683,
    0.12695890999998483
  ],
  "prusti-tests/tests/verify/pass/rosetta/Knights_tour.rs": [
    92.003995347,
    2.559094482999967,
    2.568601983999997,
    2.5724003949999315,
    2.575525386000095,
    2.5710553730000356,
    2.566744665999977,
    2.5705289720000337,
    2.563919007000095,
    2.572715910999932
  ],
  "prusti-tests/tests/verify/pass/quick/fold-unfold.rs": [
    1.2565951059999634,
    0.09842086499998004,
    0.09753416399996695,
    0.09659626200004823,
    0.09771956299994145,
    0.09655906099999356,
    0.09722026300005382,
    0.09635636100006195,
    0.09742136299996673,
    0.09654006100004153
  ],
  "prusti-tests/tests/verify/pass/quick/moves.rs": [
    1.4798528919999399,
    0.09127220900006705,
    0.09439880299999004,
    0.09515470100006951,
    0.09268660600002931,
    0.09215880699991885,
    0.09203610800000206,
    0.09187390700003562,
    0.09259680600007414,
    0.09425490299997819
  ],
  "prusti-tests/tests/verify/pass/quick/mut-borrows.rs": [
    2.9240749829999686,
    0.1580808699999352,
    0.15925926700003856,
    0.1566092729999582,
    0.15925716699996428,
    0.15626137300000664,
    0.15929126699995777,
    0.15792046900003243,
    0.15949706700007482,
    0.15919406700004402
  ],
  "prusti-tests/tests/verify/pass/quick/shared-borrows.rs": [
    1.8151392470000474,
    0.09551275700005135,
    0.09228605099997367,
    0.09241195200002039,
    0.09268705199997385,
    0.09251263399994514,
    0.09151393199999802,
    0.09294863399998121,
    0.09214343399992231,
    0.09465953599999466
  ],
  "prusti-tests/tests/verify/pass/quick/trait-contracts-refinement.rs": [
    1.7187285820000398,
    0.13698529700002382,
    0.13892090100000587,
    0.13720559799992316,
    0.1380064999999604,
    0.1378593990000354,
    0.13825550000001385,
    0.13706699800002298,
    0.1381465990000379,
    0.13768939900000987
  ],
  "prusti-tests/tests/verify/pass/quick/routes.rs": [
    5.350518790000024,
    0.35428409399992233,
    0.352534291999973,
    0.3513069910000013,
    0.3494778869999209,
    0.35483269600001677,
    0.3514611900000091,
    0.35009088900005736,
    0.3516564910000852,
    0.34987698799989175
  ],
  "prusti-tests/tests/verify/pass/quick/fibonacci.rs": [
    0.3780155270000023,
    0.37372222099998,
    0.3750715239999636,
    0.37775722699996095,
    0.3774768270000095,
    0.37582912400000623,
    0.37295772099992064,
    0.37550462399997286,
    0.37526512400006595,
    0.37738152600002195
  ],
  "prusti-tests/tests/verify/pass/pure-fn/len-lookup.rs": [
    3.611485624000011,
    0.21631091700010074,
    0.21303191499998775,
    0.21527541600005407,
    0.21474871600003098,
    0.21376431500004855,
    0.21371671499991862,
    0.2122125150000329,
    0.214006315000006,
    0.21510231700005988
  ],
  "prusti-tests/tests/verify/pass/pure-fn/quantifiers.rs": [
    2.201410188999944,
    0.1952641059999678,
    0.18989410199992562,
    0.1914245039999969,
    0.18963659299993196,
    0.18947939800000313,
    0.18947049800010518,
    0.19527680399994551,
    0.18934719699996094,
    0.19072939900001984
  ],
  "prusti-tests/tests/verify/pass/pure-fn/recursive-pure-fn.rs": [
    1.8744245569999975,
    0.14736795300007088,
    0.14856665500008148,
    0.1469081530000267,
    0.1468497529999695,
    0.14904515599994284,
    0.1469353530000035,
    0.14604335299998183,
    0.14854875499997888,
    0.14620225299995582
  ],
  "prusti-tests/tests/verify/pass/pure-fn/ref-mut-arg.rs": [
    2.867953092999983,
    0.1916104000000587,
    0.19092069900000297,
    0.19136359999993147,
    0.189691297999957,
    0.19117294800003037,
    0.1918207620000203,
    0.18898835800007419,
    0.1883160569999518,
    0.18852315699996325
  ],
  "prusti-tests/tests/verify/pass/rosetta/Ackermann_function.rs": [
    1.9066460029999917,
    0.23052761400003874,
    0.2338812189999544,
    0.23371071899998697,
    0.23377521899999465,
    0.23350561900008415,
    0.23279191799997534,
    0.23270781700000498,
    0.23212001600006715,
    0.23316801800001485
  ],
  "prusti-tests/tests/verify/pass/rosetta/Heapsort.rs": [
    10.207429542,
    1.066666492999957,
    1.0585958319999236,
    1.053093327000056,
    1.059263132999945,
    1.057141930000057,
    1.0583182320000333,
    1.0585066319999896,
    1.0596019330000672,
    1.0563478560000021
  ]
}