{
  "prusti-tests/tests/verify/pass/rosetta/Knuth_shuffle.rs": [
    2.5192181049999363,
    0.33620740200001364,
    0.3347422279999819,
    0.3367412920000561,
    0.3353279280000834,
    0.3375534000000471,
    0.34134413200001745,
    0.33659011799989,
    0.33613392700010536,
    0.3374248030000899
  ],
  "prusti-tests/tests/verify/pass/demos/account.rs": [
    2.0322337769999876,
    0.11899314900006175,
    0.12292377899996154,
    0.11837286100001165,
    0.11735357899999599,
    0.11733058000004348,
    0.11890625199998794,
    0.11868725500005439,
    0.12025512699995033,
    0.11890675199992984
  ],
  "prusti-tests/tests/verify/pass/rosetta/Knights_tour.rs": [
    86.38860935399998,
    2.487670568999988,
    2.4853318650000347,
    2.5010224320000134,
    2.49278227100001,
    2.49012971500008,
    2.4892095319999044,
    2.4889131330000964,
    2.4834191269999337,
    2.495105758000136
  ],
  "prusti-tests/tests/verify/pass/quick/fold-unfold.rs": [
    1.1882642249997843,
    0.08902466300014567,
    0.08746548900012385,
    0.08737479000001258,
    0.08671330000015587,
    0.0866692019999391,
    0.08732989000009184,
    0.08835497400013992,
    0.08884176699984891,
    0.08711439400008203
  ],
  "prusti-tests/tests/verify/pass/quick/moves.rs": [
    1.3793490410000686,
    0.08344655300015802,
    0.08380424799997854,
    0.08371744900000522,
    0.08283286300002146,
    0.08463963400004104,
    0.08319635800012293,
    0.08394104500007415,
    0.08306275999984791,
    0.0826265670000339
  ],
  "prusti-tests/tests/verify/pass/quick/mut-borrows.rs": [
    2.77974849799989,
    0.14845865999996022,
    0.14889605300004405,
    0.1500209339999401,
    0.14989883600014764,
    0.14866235699992103,
    0.1482262649999484,
    0.15041112700009762,
    0.14913954899998316,
    0.1480625679998866
  ],
  "prusti-tests/tests/verify/pass/quick/shared-borrows.rs": [
    1.7264883679999912,
    0.08359406999989005,
    0.08449575400004505,
    0.08284098300009646,
    0.08411906099991029,
    0.08260138700006792,
    0.08137790800014955,
    0.08144950600012635,
    0.08352247200014062,
    0.0825585879999835
  ],
  "prusti-tests/tests/verify/pass/quick/trait-contracts-refinement.rs": [
    1.6083546880001904,
    0.12828430600006868,
    0.12772461600002316,
    0.12836450500003593,
    0.12819900800013784,
    0.12936298799991164,
    0.12823530700006813,
    0.12745261999998547,
    0.12795691200017245,
    0.12833210400003736
  ],
  "prusti-tests/tests/verify/pass/quick/routes.rs": [
    4.929782431999911,
    0.3361933979999776,
    0.33965924299991457,
    0.336600492000116,
    0.3364959939999608,
    0.3378766710000036,
    0.33458072500002345,
    0.3404311310000594,
    0.34300159399981567,
    0.3423363699998845
  ],
  "prusti-tests/tests/verify/pass/quick/fibonacci.rs": [
    0.36858652300020367,
    0.36673515400002543,
    0.36690546499994525,
    0.3660122040000715,
    0.3634742469998855,
    0.36945534500000576,
    0.36302825399980065,
    0.36325555000007625,
    0.3615030790001583,
    0.3627838579998297
  ],
  "prusti-tests/tests/verify/pass/pure-fn/len-lookup.rs": [
    3.4193603090000124,
    0.20485943099993165,
    0.20367905200009773,
    0.2034859550001329,
    0.20500592899998082,
    0.20478983199996037,
    0.20714689300007194,
    0.204366440000058,
    0.20490923000011207,
    0.20659400299996378
  ],
  "prusti-tests/tests/verify/pass/pure-fn/quantifiers.rs": [
    2.0511421819999214,
    0.1878789570000663,
    0.17850531500016587,
    0.18039108299990403,
    0.17900530600013553,
    0.17856061300017245,
    0.17820361899998716,
    0.18110957099997904,
    0.17932580000001508,
    0.18032758399999693
  ],
  "prusti-tests/tests/verify/pass/pure-fn/recursive-pure-fn.rs": [
    1.7743052220000664,
    0.1374106020000454,
    0.13726210400000127,
    0.1373057030000382,
    0.13740380200010804,
    0.13619962100005978,
    0.13719130599997698,
    0.13731430300003922,
    0.13674901200010936,
    0.1363931189998766
  ],
  "prusti-tests/tests/verify/pass/pure-fn/ref-mut-arg.rs": [
    2.7087450380001883,
    0.17956334599989532,
    0.18119161999993594,
    0.17917585200007125,
    0.1787203579999641,
    0.17909125300002415,
    0.1804320319999988,
    0.1781402670001171,
    0.17778697300013846,
    0.17757277599980625
  ],
  "prusti-tests/tests/verify/pass/rosetta/Ackermann_function.rs": [
    1.7974930269999732,
    0.22172569899998962,
    0.2216601999998602,
    0.22143995999999788,
    0.22181285199985723,
    0.22102476500003831,
    0.22097146500004783,
    0.22110046299985697,
    0.22112286300011874,
    0.2211506629998894
  ],
  "prusti-tests/tests/verify/pass/rosetta/Heapsort.rs": [
    9.790307827000106,
    1.0332290910000665,
    1.035067159999926,
    1.036240739999812,
    1.0316150180001387,
    1.0279696790000799,
    1.0327238989998477,
    1.030887630000052,
    1.0374530940000568,
    1.0322513140001774
  ]
}