{
  "prusti-tests/tests/verify/pass/rosetta/Knuth_shuffle.rs": [
    2.904168094999932,
    0.3413906499999939,
    0.3329204660000187,
    0.3286757249999255,
    0.3292591300000822,
    0.33269776500003445,
    0.33463948399992205,
    0.3309657469999365,
    0.33244276200002787,
    0.3315969530000302
  ],
  "prusti-tests/tests/verify/pass/demos/account.rs": [
    2.395872575999988,
    0.13927316100000553,
    0.13737855299996227,
    0.13177072999997108,
    0.13855055800001992,
    0.14657978999991883,
    0.13730975300006776,
    0.14252937399999155,
    0.1388344590000088,
    0.13195563099998253
  ],
  "prusti-tests/tests/verify/pass/rosetta/Knights_tour.rs": [
    109.20378825700004,
    2.4142936120000513,
    2.234850714000004,
    2.226464232000012,
    2.228396074999978,
    2.2269425120000506,
    2.2331709979999914,
    2.279803691999973,
    2.236651027999983,
    2.233501388000036
  ],
  "prusti-tests/tests/verify/pass/quick/fold-unfold.rs": [
    1.3863870929999393,
    0.10290883499999381,
    0.10190372299996397,
    0.10937461900005019,
    0.10865040999999565,
    0.10787470000002486,
    0.10673738499997398,
    0.10713349100001324,
    0.1170490190000919,
    0.10931931900006475
  ],
  "prusti-tests/tests/verify/pass/quick/moves.rs": [
    1.6797671860000492,
    0.10256004000007124,
    0.10039250900001662,
    0.10005420499999218,
    0.10028810799997245,
    0.1002749079999603,
    0.1082099189999326,
    0.10280974299996615,
    0.10548318000007839,
    0.1000079039999946
  ],
  "prusti-tests/tests/verify/pass/quick/mut-borrows.rs": [
    3.296454074000053,
    0.1551301780000358,
    0.157886316000031,
    0.1931408109999211,
    0.15936043699991842,
    0.16288088700002845,
    0.15621079300001384,
    0.15556938400004583,
    0.15583318799997414,
    0.15557688399997005
  ],
  "prusti-tests/tests/verify/pass/quick/shared-borrows.rs": [
    2.0696278880000136,
    0.10984123100001852,
    0.10133941999993112,
    0.1091744220000237,
    0.09752176999995754,
    0.09635525499993491,
    0.09950759599996672,
    0.09834498100008204,
    0.09781097399991268,
    0.09715636500004621
  ],
  "prusti-tests/tests/verify/pass/quick/trait-contracts-refinement.rs": [
    1.8024514740000086,
    0.13990052199994807,
    0.13966301899995415,
    0.13834320099999786,
    0.14862063500004297,
    0.13822000000004664,
    0.1394089159999794,
    0.13716688599993176,
    0.13854750500001956,
    0.13979612000002817
  ],
  "prusti-tests/tests/verify/pass/quick/routes.rs": [
    5.6755170579999685,
    0.3398283750000246,
    0.3568797000000359,
    0.34081158799995137,
    0.33995137600004455,
    0.35101322200000595,
    0.34286941499999557,
    0.3385244570000623,
    0.3786802870000656,
    0.3754800440000281
  ],
  "prusti-tests/tests/verify/pass/quick/fibonacci.rs": [
    0.35933753099993737,
    0.3791647919999832,
    0.3554785810000567,
    0.3803098079999927,
    0.3583758190000026,
    0.3664581250000083,
    0.35326942300002884,
    0.36213696799995887,
    0.391875572999993,
    0.394502880999994
  ],
  "prusti-tests/tests/verify/pass/pure-fn/len-lookup.rs": [
    3.8999614030000203,
    0.22102643899995655,
    0.23273357799996575,
    0.21619237999993857,
    0.21462026200003947,
    0.2133626469999399,
    0.2119433289999506,
    0.2115458260000196,
    0.2143365580000136,
    0.21342414699995516
  ],
  "prusti-tests/tests/verify/pass/pure-fn/quantifiers.rs": [
    2.312445203999914,
    0.19759091700007048,
    0.18795520300000135,
    0.1918511500000477,
    0.18700439200006258,
    0.189256419000003,
    0.1863879850000103,
    0.18603408100000252,
    0.18858731099999204,
    0.20191816699991705
  ],
  "prusti-tests/tests/verify/pass/pure-fn/recursive-pure-fn.rs": [
    2.1106591449999996,
    0.14842643999998018,
    0.16169519499999296,
    0.15490551600009894,
    0.1465324180001062,
    0.1465076179999869,
    0.1488374450000265,
    0.15872066099996118,
    0.15481971499991687,
    0.1524515869999732
  ],
  "prusti-tests/tests/verify/pass/pure-fn/ref-mut-arg.rs": [
    3.156173435000028,
    0.1790755539999509,
    0.18701876800002992,
    0.1826707059999535,
    0.18170319099999688,
    0.17982786499999293,
    0.1860970540000153,
    0.18945730300004016,
    0.19077982099997826,
    0.19114702699994268
  ],
  "prusti-tests/tests/verify/pass/rosetta/Ackermann_function.rs": [
    2.0320063829999526,
    0.2164706879999585,
    0.2176759049999646,
    0.21867161900001975,
    0.22603172399999494,
    0.22006033800005298,
    0.2524208999999473,
    0.23356953199993313,
    0.22821335499997986,
    0.21912812599998688
  ],
  "prusti-tests/tests/verify/pass/rosetta/Heapsort.rs": [
    10.891840805000015,
    0.9578819390000035,
    0.9759319180000148,
    0.9499023529999704,
    0.9475231530000201,
    0.9457306289999678,
    1.0443829060000098,
    0.9560825300000033,
    0.9558251269999118,
    0.9849495029999389
  ]
}