{
  "prusti-tests/tests/verify/pass/rosetta/Knuth_shuffle.rs": [
    2.6707478060000085,
    2.2006906980000167,
    2.0762604209999154,
    2.254111890000104,
    2.111980793000157,
    2.1225191730000006,
    2.0319391770001403,
    2.1081781539999156,
    2.107111620000069,
    2.029840909000086
  ],
  "prusti-tests/tests/verify/pass/demos/account.rs": [
    1.9006262340001285,
    1.8861901660000058,
    1.8086362859999099,
    1.8077045739998994,
    1.840715333000162,
    1.9344866009998896,
    1.9199818110000706,
    1.9071085979999225,
    1.8359427049999795,
    1.778743396999971
  ],
  "prusti-tests/tests/verify/pass/rosetta/Knights_tour.rs": [
    117.846849733,
    114.17632706699987,
    113.29912889999991,
    113.66925884800003,
    112.27068318199986,
    111.54325945000005,
    113.05658453199976,
    115.21361408099983,
    111.44867897099994,
    112.48016659899986
  ],
  "prusti-tests/tests/verify/pass/quick/fold-unfold.rs": [
    1.2342331560003004,
    1.1889552829998138,
    1.2235165749998487,
    1.2582609670002967,
    1.1652956569996604,
    1.1714925530000073,
    1.2509572530002515,
    1.201909082000384,
    1.19531753199999,
    1.1814729279999483
  ],
  "prusti-tests/tests/verify/pass/quick/moves.rs": [
    1.5641184189998967,
    1.432211696000195,
    1.4344420349998472,
    1.4573804169999676,
    1.4394292520000818,
    1.4009258080000109,
    1.4840973680002207,
    1.4692119399996955,
    1.4789945749998878,
    1.451443276000191
  ],
  "prusti-tests/tests/verify/pass/quick/mut-borrows.rs": [
    2.9779632910003784,
    2.915306802000032,
    2.8457177710001815,
    2.828344702999857,
    2.879013617000055,
    2.8976628310001615,
    2.8798865130002014,
    2.897728704000201,
    2.807520878000105,
    2.805009487999996
  ],
  "prusti-tests/tests/verify/pass/quick/shared-borrows.rs": [
    1.8957834249999905,
    1.8662736750002296,
    1.8943462839997665,
    1.8638185019999582,
    1.809095909000007,
    1.7839851209996596,
    1.7411677139998574,
    1.8566658700001426,
    1.7846900009999445,
    1.8214796930001285
  ],
  "prusti-tests/tests/verify/pass/quick/trait-contracts-refinement.rs": [
    1.7070563180000136,
    1.656546857000194,
    1.6242040869997254,
    1.6274502200003553,
    1.5728184760000659,
    1.6080314620003264,
    1.5880396580000706,
    1.6150746999996954,
    1.7088056310003594,
    1.7528106200002185
  ],
  "prusti-tests/tests/verify/pass/quick/routes.rs": [
    5.252187541999774,
    4.874961660000281,
    4.820199202000367,
    4.882969406000029,
    5.110774582999966,
    4.94575114700001,
    4.661872739000046,
    5.0262024980002025,
    4.749489162999907,
    4.745161961000122
  ],
  "prusti-tests/tests/verify/pass/quick/fibonacci.rs": [
    6.704811266999968,
    6.549961916000029,
    6.35390336699993,
    6.31386067800031,
    6.4970453349997115,
    6.383532649000244,
    6.418030745000124,
    6.48657574400022,
    6.755164358000002,
    6.077340078999896
  ],
  "prusti-tests/tests/verify/pass/pure-fn/len-lookup.rs": [
    3.450405404999856,
    3.4653258610001103,
    3.3695877640002436,
    3.3789153570000963,
    3.442155455000375,
    3.3975344209998184,
    3.5143006650000643,
    3.4402558599999793,
    3.384108288000334,
    3.469355992000146
  ],
  "prusti-tests/tests/verify/pass/pure-fn/quantifiers.rs": [
    2.30270966199987,
    2.1565545759999623,
    2.1630149130000973,
    2.0357022079997478,
    2.2225964999997814,
    2.0390595869998833,
    2.1030587449999985,
    2.0737937839999177,
    2.0784266730001946,
    2.0901590329999635
  ],
  "prusti-tests/tests/verify/pass/pure-fn/recursive-pure-fn.rs": [
    1.822323883000081,
    1.877923765000105,
    1.883838938000281,
    1.8556936589998259,
    1.8416953679998187,
    1.8180795480002416,
    1.861882401999992,
    1.8499220240000795,
    1.8148764970001139,
    1.8008148049998454
  ],
  "prusti-tests/tests/verify/pass/pure-fn/ref-mut-arg.rs": [
    2.719485968999834,
    2.69680306500004,
    2.808014166999783,
    2.7957009770002514,
    2.734848874999898,
    2.73576524300006,
    2.726330429999962,
    2.7777851999999257,
    2.778946182999789,
    2.6792480090002755
  ],
  "prusti-tests/tests/verify/pass/rosetta/Ackermann_function.rs": [
    1.8920966129999215,
    1.8465151149998746,
    1.8151408020003146,
    1.920876059999955,
    1.8763242759996501,
    1.9204244569996263,
    1.916794616000061,
    1.8258196659999157,
    1.874039095000171,
    1.9915626980000525
  ],
  "prusti-tests/tests/verify/pass/rosetta/Heapsort.rs": [
    11.961331974000132,
    11.867783933000283,
    11.638577028999862,
    11.558002994000162,
    11.633142276999934,
    11.704079637999712,
    11.395072323000022,
    11.661996179999733,
    11.690461627999866,
    11.515325848999964
  ]
}