{
  "prusti-tests/tests/verify/pass/rosetta/Knuth_shuffle.rs": [
    2.660063930999968,
    0.33138199000006807,
    0.32475021000004745,
    0.3228961879999588,
    0.32100926500004334,
    0.3214338709999538,
    0.3195772480000869,
    0.3219136759998946,
    0.3207724630000257,
    0.32069716200010134
  ],
  "prusti-tests/tests/verify/pass/demos/account.rs": [
    2.1160008929999776,
    0.13561833500000375,
    0.12784104000002117,
    0.1256197139999813,
    0.12526880999996592,
    0.1268129280000494,
    0.12643972400007897,
    0.1268910290000349,
    0.1272147340000629,
    0.12514750800005459
  ],
  "prusti-tests/tests/verify/pass/rosetta/Knights_tour.rs": [
    101.12482567300003,
    2.191172458999972,
    2.1932933680000133,
    2.1940117770000143,
    2.191860586999951,
    2.1913032090000115,
    2.1888998809999975,
    2.1892699859999993,
    2.1953542170000446,
    2.1933054959999936
  ],
  "prusti-tests/tests/verify/pass/quick/fold-unfold.rs": [
    1.2745071739999503,
    0.09872809199998756,
    0.09881559300004028,
    0.09861468999997669,
    0.09801428200000828,
    0.09864609099997779,
    0.09994220800001585,
    0.09790888100008033,
    0.09778747899997597,
    0.09868309099999806
  ],
  "prusti-tests/tests/verify/pass/quick/moves.rs": [
    1.4924897270000201,
    0.0946576379999442,
    0.09432763400002386,
    0.09416833199998109,
    0.09574585300003946,
    0.09656806300006338,
    0.09649916299997585,
    0.0958293539999886,
    0.0948154400000476,
    0.09540824900000189
  ],
  "prusti-tests/tests/verify/pass/quick/mut-borrows.rs": [
    2.903494359999968,
    0.15332501099999263,
    0.15340311199997814,
    0.15196339199997055,
    0.151629789000026,
    0.1542683229999966,
    0.15243269899997358,
    0.15449152500002583,
    0.15203209300000253,
    0.15185309100002087
  ],
  "prusti-tests/tests/verify/pass/quick/shared-borrows.rs": [
    1.8034026479999739,
    0.09317082199993365,
    0.09261521400003403,
    0.09178900400002021,
    0.09028088399998069,
    0.09154179999995904,
    0.09100769399992714,
    0.09380533000000923,
    0.09200120599996353,
    0.09192740599996796
  ],
  "prusti-tests/tests/verify/pass/quick/trait-contracts-refinement.rs": [
    1.552481757999999,
    0.1355936689999453,
    0.13367484399998375,
    0.1334478420000096,
    0.13446705499995915,
    0.13207282300004408,
    0.13312703700000839,
    0.13481885999999577,
    0.13572817099998247,
    0.13449245499998597
  ],
  "prusti-tests/tests/verify/pass/quick/routes.rs": [
    5.282813537000038,
    0.3325890400000162,
    0.3320760340000106,
    0.3346548670000402,
    0.33077461599998514,
    0.3316033979999702,
    0.3316566190000003,
    0.33074959299995044,
    0.3342004910000469,
    0.3335113719999754
  ],
  "prusti-tests/tests/verify/pass/quick/fibonacci.rs": [
    0.3468946519999463,
    0.3458838230000083,
    0.345448511000086,
    0.34756810999999743,
    0.3469970970000986,
    0.34688079500006097,
    0.34555167899998196,
    0.344927971000061,
    0.354227786000024,
    0.3485825159999649
  ],
  "prusti-tests/tests/verify/pass/pure-fn/len-lookup.rs": [
    3.593940656000086,
    0.208627526999976,
    0.20669090399997003,
    0.20696840699997665,
    0.2062430990000621,
    0.20648900100002265,
    0.20817992100000993,
    0.2092407349999803,
    0.20859912599996733,
    0.20692030699990482
  ],
  "prusti-tests/tests/verify/pass/pure-fn/quantifiers.rs": [
    2.206736429999978,
    0.19247683100002178,
    0.18368172499992852,
    0.18234250899990911,
    0.18502234100003534,
    0.18267801199999667,
    0.18253581099997973,
    0.18129259600004843,
    0.1833163210000066,
    0.18332411999995202
  ],
  "prusti-tests/tests/verify/pass/pure-fn/recursive-pure-fn.rs": [
    1.9004778999999417,
    0.14343653000003087,
    0.14297292499998093,
    0.14282932200001142,
    0.14276592199996685,
    0.14378483400003006,
    0.14410903800001051,
    0.1424779189999299,
    0.14419173800001772,
    0.1458267570000089
  ],
  "prusti-tests/tests/verify/pass/pure-fn/ref-mut-arg.rs": [
    2.8422332899999674,
    0.1765377060000901,
    0.17710551200002556,
    0.1776517179999928,
    0.1752002900000207,
    0.17584169799999927,
    0.1776475180000716,
    0.17590029799998774,
    0.17612950099999125,
    0.1770624120000548
  ],
  "prusti-tests/tests/verify/pass/rosetta/Ackermann_function.rs": [
    1.8773042270000815,
    0.21206610900003398,
    0.2122920099999419,
    0.21059112699992966,
    0.21101713299992753,
    0.21137543700001515,
    0.21191824400000314,
    0.21111083400001007,
    0.21137553700009448,
    0.21186444399995707
  ],
  "prusti-tests/tests/verify/pass/rosetta/Heapsort.rs": [
    9.639471484000069,
    0.9350033649999432,
    0.933744551000018,
    0.9345086600000059,
    0.9343610580000359,
    0.9387127869999858,
    0.9352341129999786,
    0.937100743999963,
    0.9353423219999968,
    0.9369409419999783
  ]
}