{
  "prusti-tests/tests/verify/pass/rosetta/Knuth_shuffle.rs": [
    2.7115482099999326,
    0.3173621319999711,
    0.3193659699999216,
    0.3178448410000101,
    0.3193116679999548,
    0.32003558200005955,
    0.31973087599999417,
    0.3193537690000312,
    0.32163291099993785,
    0.321125201999962
  ],
  "prusti-tests/tests/verify/pass/demos/account.rs": [
    2.129022625999937,
    0.1253002019999485,
    0.1240091790000406,
    0.12397197799998594,
    0.12359137100008866,
    0.12321936399996503,
    0.12239375000001473,
    0.12278465700001107,
    0.1256177090000392,
    0.1252905029999738
  ],
  "prusti-tests/tests/verify/pass/rosetta/Knights_tour.rs": [
    99.36525641100002,
    2.186367818000008,
    2.1791245399999752,
    2.1927210689999583,
    2.1833190389999118,
    2.178994184999965,
    2.187374188999911,
    2.182677845999933,
    2.182785816999967,
    2.182281511000042
  ],
  "prusti-tests/tests/verify/pass/quick/fold-unfold.rs": [
    1.2606438560000015,
    0.09853279599997222,
    0.0968289709999226,
    0.09629786200002854,
    0.0958940430000439,
    0.09574474100008956,
    0.0964059499999621,
    0.09726976000001741,
    0.09670465299996067,
    0.09709005699994577
  ],
  "prusti-tests/tests/verify/pass/quick/moves.rs": [
    1.5304817449999746,
    0.09424002399998699,
    0.09335561300008521,
    0.09203589799994916,
    0.09130498800004716,
    0.09191509599997971,
    0.09167149200004587,
    0.09304870899995876,
    0.09162079300006098,
    0.09103598600006535
  ],
  "prusti-tests/tests/verify/pass/quick/mut-borrows.rs": [
    3.0082992629999126,
    0.14930327900003704,
    0.14951088299994808,
    0.14992628699997113,
    0.15136860399991292,
    0.14828706799994507,
    0.1496732839999595,
    0.15122350299998288,
    0.15084229800004323,
    0.1502446910000117
  ],
  "prusti-tests/tests/verify/pass/quick/shared-borrows.rs": [
    1.875968520000015,
    0.09126494000008734,
    0.09156034499994803,
    0.09030712799994944,
    0.09015092599997843,
    0.09055883100006668,
    0.09150324400002319,
    0.09165494599994872,
    0.0907270330000074,
    0.0906209319999789
  ],
  "prusti-tests/tests/verify/pass/quick/trait-contracts-refinement.rs": [
    1.6036320010000509,
    0.13231469899994863,
    0.13112868300004266,
    0.13267960400003176,
    0.13192649300003723,
    0.13223809800001618,
    0.13364471699992464,
    0.13061557599996831,
    0.13255800199999612,
    0.13220609799998329
  ],
  "prusti-tests/tests/verify/pass/quick/routes.rs": [
    5.349804337999899,
    0.32833272499999566,
    0.3275272150000319,
    0.32672230400009994,
    0.3297245410000187,
    0.3273817130000225,
    0.330181347000007,
    0.3359091199999966,
    0.32959004099996037,
    0.32805002100008096
  ],
  "prusti-tests/tests/verify/pass/quick/fibonacci.rs": [
    0.34152158999995663,
    0.34202659699997184,
    0.3414354880000019,
    0.33772294300001704,
    0.3415932899999916,
    0.34043427699998574,
    0.34205659600002036,
    0.34170599300000504,
    0.33997584700000516,
    0.3464346949999708
  ],
  "prusti-tests/tests/verify/pass/pure-fn/len-lookup.rs": [
    3.7024736089999806,
    0.21148942199999965,
    0.20703616699995564,
    0.2080146790000299,
    0.20772157600003993,
    0.20917889299994386,
    0.20813248100000692,
    0.20694486600007167,
    0.2098346020000008,
    0.20869658699996307
  ],
  "prusti-tests/tests/verify/pass/pure-fn/quantifiers.rs": [
    2.2543022959999917,
    0.19162530199992034,
    0.18234108700005436,
    0.18395450599996366,
    0.18345350100003088,
    0.18312559599996803,
    0.18440681200002018,
    0.18232328600004166,
    0.18312469600004988,
    0.18480661800003872
  ],
  "prusti-tests/tests/verify/pass/pure-fn/recursive-pure-fn.rs": [
    1.9269933629999514,
    0.141909878999968,
    0.1434269989999848,
    0.14089896600000884,
    0.1421720829999913,
    0.14122637100001612,
    0.14145577299996148,
    0.14932897300002423,
    0.1434843990000445,
    0.14301929299995209
  ],
  "prusti-tests/tests/verify/pass/pure-fn/ref-mut-arg.rs": [
    2.8998058340000625,
    0.1757080690000521,
    0.17537966500003677,
    0.17589767200001916,
    0.1756768689999717,
    0.17428585099992233,
    0.17433605100006844,
    0.17507516000000578,
    0.17397394599993277,
    0.17585097099993163
  ],
  "prusti-tests/tests/verify/pass/rosetta/Ackermann_function.rs": [
    1.9300318269999934,
    0.21108094600003824,
    0.2097361290000208,
    0.20854671200004304,
    0.21076674199991885,
    0.21004983299997093,
    0.20915631999992002,
    0.21018213499996818,
    0.21023533499999303,
    0.2105843400000822
  ],
  "prusti-tests/tests/verify/pass/rosetta/Heapsort.rs": [
    9.691249568999979,
    0.9346389859999817,
    0.9368610669999953,
    0.9365033610000637,
    0.9331946060000291,
    0.9338924170000382,
    0.9393509100000301,
    0.964948743999912,
    0.9408766349999951,
    0.933629011999983
  ]
}