{
  "prusti-tests/tests/verify/pass/rosetta/Knuth_shuffle.rs": [
    2.804886625999984,
    2.34095069600005,
    2.3879647520000162,
    2.3031048430000283,
    2.3937911570000097,
    2.24997131300006,
    2.2620277070000157,
    2.208892946999981,
    2.362621783999998,
    2.3426151109999864
  ],
  "prusti-tests/tests/verify/pass/demos/account.rs": [
    2.1067629870000246,
    2.0538812600000256,
    2.109485720999942,
    2.0863569760000473,
    2.0705533080000578,
    2.1724019989999306,
    2.102048312000079,
    2.0350206879999178,
    2.0452903540000307,
    2.051892721999934
  ],
  "prusti-tests/tests/verify/pass/rosetta/Knights_tour.rs": [
    128.9076166420001,
    124.45807221500013,
    122.80104469800017,
    125.843254656,
    122.92894363799996,
    122.187376976,
    121.63978964900002,
    121.79489235100004,
    125.20839581399991,
    124.92925197099976
  ],
  "prusti-tests/tests/verify/pass/quick/fold-unfold.rs": [
    1.3701980110004115,
    1.3386853930001053,
    1.3350267660002828,
    1.3413119130000268,
    1.3513085849999698,
    1.3307701200001247,
    1.3210316200002126,
    1.3264742540000043,
    1.4435887999998158,
    1.3928675770002883
  ],
  "prusti-tests/tests/verify/pass/quick/moves.rs": [
    1.5852652039998247,
    1.601084217999869,
    1.6590871070002322,
    1.6170567379999738,
    1.6001568299998326,
    1.5906600690000232,
    1.580275729999812,
    1.646474747999946,
    1.650301674000275,
    1.6260380110002188
  ],
  "prusti-tests/tests/verify/pass/quick/mut-borrows.rs": [
    3.1992298079999273,
    3.2519393369998397,
    3.224616633000096,
    3.183119875000102,
    3.263436497999919,
    3.1977202890002445,
    3.1987820200001806,
    3.2398026000000755,
    3.4357069839998076,
    3.3241905950003456
  ],
  "prusti-tests/tests/verify/pass/quick/shared-borrows.rs": [
    2.1179293279997182,
    2.0827433340000425,
    2.089835778000179,
    2.032338215999971,
    2.0885365939998337,
    2.054878270000245,
    2.056509582000217,
    2.0622393210001064,
    2.0349970350002877,
    1.9579982059999566
  ],
  "prusti-tests/tests/verify/pass/quick/trait-contracts-refinement.rs": [
    1.7646697630002564,
    1.6557314060000863,
    1.759405827000137,
    1.692017432999819,
    1.7005697750000763,
    1.7148108809997211,
    1.686656573000164,
    1.7668497390000084,
    1.727125722999972,
    1.7256674129998828
  ],
  "prusti-tests/tests/verify/pass/quick/routes.rs": [
    5.917435071,
    5.6726386259997525,
    5.5442603950000375,
    5.698681296000359,
    5.571172777999891,
    5.453946245999759,
    5.358184832000006,
    5.434806490000028,
    5.349766820000241,
    5.457193198000368
  ],
  "prusti-tests/tests/verify/pass/quick/fibonacci.rs": [
    6.78072647099998,
    6.917672221999965,
    6.985158272999797,
    6.921839834999901,
    6.682688980000421,
    6.779885144000218,
    6.64233738699977,
    6.964871687000141,
    6.744455886999731,
    6.693005225999968
  ],
  "prusti-tests/tests/verify/pass/pure-fn/len-lookup.rs": [
    3.926331735000076,
    3.9024644699998134,
    3.829637467000339,
    3.837933222999709,
    3.7807082259996605,
    3.905028176000087,
    3.8798510030001125,
    3.9434731399996963,
    3.928954941000029,
    3.986314735000178
  ],
  "prusti-tests/tests/verify/pass/pure-fn/quantifiers.rs": [
    2.3384352349999062,
    2.4533253240001613,
    2.460435872999824,
    2.492703994000294,
    2.431620675999966,
    2.4756160779998027,
    2.3976308430001154,
    2.3981234470002164,
    2.40911712299976,
    2.468806231999679
  ],
  "prusti-tests/tests/verify/pass/pure-fn/recursive-pure-fn.rs": [
    2.0533485830001155,
    2.0253233910002564,
    2.153184367999984,
    2.22704237500011,
    2.1508360530001482,
    2.1396349759997975,
    2.170705289000125,
    2.1568321939998896,
    2.0611136360003,
    2.0964739780001764
  ],
  "prusti-tests/tests/verify/pass/pure-fn/ref-mut-arg.rs": [
    3.104222089999894,
    3.2484907789998942,
    3.143760761000067,
    3.147867389000112,
    3.283960918000048,
    3.1092438189998575,
    3.0785784099998637,
    3.151190707999831,
    3.1532871220001653,
    3.15755185099988
  ],
  "prusti-tests/tests/verify/pass/rosetta/Ackermann_function.rs": [
    2.022729170000275,
    2.1140211950000776,
    2.0169677290000436,
    2.137376654000036,
    2.1009437039997465,
    2.0631340439999803,
    2.0524212739996983,
    2.1304513099998985,
    2.2798691339999095,
    2.1568218909997086
  ],
  "prusti-tests/tests/verify/pass/rosetta/Heapsort.rs": [
    11.577090101000067,
    11.388706289999845,
    11.727489634999984,
    11.784968360999756,
    11.805523100999835,
    11.57303618700007,
    11.450013978999777,
    11.347734145999766,
    11.290293298000051,
    11.617638699000054
  ]
}