{
  "prusti-tests/tests/verify/pass/rosetta/Knuth_shuffle.rs": [
    2.413153331999979,
    2.027422677000004,
    1.9159567839999454,
    2.029280521999908,
    1.9557792500000915,
    1.9196752249999918,
    1.9977367879999974,
    1.942031668000027,
    1.9106312229999958,
    1.95551940200005
  ],
  "prusti-tests/tests/verify/pass/demos/account.rs": [
    1.8036683699999685,
    1.8032487809999793,
    1.787432105999983,
    1.8206174819999887,
    1.8106911099999934,
    1.7766186009999956,
    1.7793099339999117,
    1.818158507000021,
    1.782177784000055,
    1.7960762339999974
  ],
  "prusti-tests/tests/verify/pass/rosetta/Knights_tour.rs": [
    103.60721769499992,
    103.94179345099997,
    106.96081290899997,
    113.28950076499996,
    112.8829816729999,
    108.43319166900005,
    102.46732734800003,
    98.02426311599993,
    101.82895417600002,
    103.40811188200018
  ],
  "prusti-tests/tests/verify/pass/quick/fold-unfold.rs": [
    1.1800687850000031,
    1.1959926350000387,
    1.1847517690000586,
    1.1952764449999904,
    1.2166186030001427,
    1.2115753180000866,
    1.206175327999972,
    1.2138882570000078,
    1.2072794779999185,
    1.2116799949999404
  ],
  "prusti-tests/tests/verify/pass/quick/moves.rs": [
    1.4877337420000458,
    1.4981823179998628,
    1.4818719429999874,
    1.4705637530000786,
    1.4888082420000046,
    1.4943552290001207,
    1.4781238560001384,
    1.4943889300000137,
    1.4798985859999902,
    1.4725749819999692
  ],
  "prusti-tests/tests/verify/pass/quick/mut-borrows.rs": [
    2.9346241540001756,
    2.8767740480000157,
    2.892664110999931,
    2.932316316999959,
    2.9253622950000135,
    2.9215198619999683,
    2.8982196130000375,
    2.90046025200013,
    2.931316915000025,
    2.9290655699999206
  ],
  "prusti-tests/tests/verify/pass/quick/shared-borrows.rs": [
    1.8698017290000735,
    1.8718409989999145,
    1.8555450710000514,
    1.8651237120000133,
    1.8691657829999713,
    1.856944153999848,
    1.8599980579999738,
    2.0189008120000835,
    2.087592258000086,
    1.8711075260000598
  ],
  "prusti-tests/tests/verify/pass/quick/trait-contracts-refinement.rs": [
    1.6258369340000627,
    1.588292951999847,
    1.5683182410000427,
    1.5607461360000343,
    1.5949602880000384,
    1.5589712460000555,
    1.589769798000134,
    1.6241310140001133,
    1.5709064600000602,
    1.5647697770000377
  ],
  "prusti-tests/tests/verify/pass/quick/routes.rs": [
    5.230732622999994,
    4.912257198999896,
    4.783534085000156,
    4.675126585000044,
    4.76294453200012,
    4.708847228000195,
    4.820855446999985,
    4.745063409000068,
    4.8073366220000935,
    4.741906267000104
  ],
  "prusti-tests/tests/verify/pass/quick/fibonacci.rs": [
    6.091875344000073,
    6.093556817000035,
    6.0585159960000965,
    6.065764727000214,
    6.087262065000004,
    6.010822640000015,
    6.0915533530001085,
    6.195620063999968,
    6.070329442000002,
    6.071177476000003
  ],
  "prusti-tests/tests/verify/pass/pure-fn/len-lookup.rs": [
    3.4930009439999594,
    3.445804681000027,
    3.4600034109998887,
    3.442768327999829,
    3.5188691589999053,
    3.4676983209999435,
    3.5015656890000173,
    3.4637413150001066,
    3.4584503260000474,
    3.445053628000096
  ],
  "prusti-tests/tests/verify/pass/pure-fn/quantifiers.rs": [
    2.1235324000001583,
    2.136415285000112,
    2.1252412429998913,
    2.113025326999832,
    2.1073535109999284,
    2.110168190999957,
    2.130576624000014,
    2.126304558999891,
    2.1292681540001013,
    2.166162062000012
  ],
  "prusti-tests/tests/verify/pass/pure-fn/recursive-pure-fn.rs": [
    1.9058639729998959,
    1.8670168450000801,
    1.8893026949999694,
    1.87917915800017,
    1.8828781080001136,
    1.8943647649998638,
    1.9555822820002504,
    1.9011778700000832,
    1.9056004280000707,
    1.8878149239999402
  ],
  "prusti-tests/tests/verify/pass/pure-fn/ref-mut-arg.rs": [
    2.8447105510003894,
    2.8930228009999155,
    2.8298821849998603,
    2.83464960099991,
    2.9088385969998853,
    2.8326580400002968,
    2.8550457249998544,
    2.818173847000253,
    2.813663907999853,
    2.8743102639996323
  ],
  "prusti-tests/tests/verify/pass/rosetta/Ackermann_function.rs": [
    1.8996744599999147,
    1.8744014539997806,
    1.8982147359997725,
    1.8805956050000532,
    1.8852787660002832,
    1.8785641790000227,
    1.8810902569998689,
    1.8776382030000605,
    1.8828273650001393,
    1.8792385229999127
  ],
  "prusti-tests/tests/verify/pass/rosetta/Heapsort.rs": [
    9.81150327000023,
    9.786212264999904,
    9.725745515000199,
    9.792230646999997,
    9.737124212999788,
    9.87746960000004,
    9.97945990900007,
    9.58651726800008,
    9.64726436400042,
    9.666674255999624
  ]
}