{
  "prusti-tests/tests/verify/pass/rosetta/Knuth_shuffle.rs": [
    2.4249050469999247,
    0.31313634100001764,
    0.30931359100009104,
    0.3109000700000024,
    0.30910119299994676,
    0.31119836600009876,
    0.3098507839999911,
    0.31065787300008196,
    0.310281778999979,
    0.31292836599993734
  ],
  "prusti-tests/tests/verify/pass/demos/account.rs": [
    2.150438773000019,
    0.12355439599991769,
    0.11758138899995174,
    0.1161790099999962,
    0.11875807100000202,
    0.11727999300001102,
    0.11704319699992993,
    0.11936119699998926,
    0.11918261899995741,
    0.1180651360000411
  ],
  "prusti-tests/tests/verify/pass/rosetta/Knights_tour.rs": [
    94.89985680200004,
    2.1517140140000492,
    2.148313399000017,
    2.152545152000016,
    2.1518955540000206,
    2.1452270409999983,
    2.1516194100000803,
    2.1495519339999873,
    2.1512510450000946,
    2.1442280610000353
  ],
  "prusti-tests/tests/verify/pass/quick/fold-unfold.rs": [
    1.246202134999976,
    0.08887672600008045,
    0.0895242160000862,
    0.08820563500000844,
    0.08915822200003731,
    0.08845633199996428,
    0.08783854099999644,
    0.08815823600002659,
    0.08956371600004331,
    0.08948641699998916
  ],
  "prusti-tests/tests/verify/pass/quick/moves.rs": [
    1.4862390839999762,
    0.08572014499998204,
    0.08407416500006093,
    0.08443036000005577,
    0.08417536399997516,
    0.0848942549999947,
    0.08494195499997659,
    0.08481435599992437,
    0.0843956609999168,
    0.0838423679999778
  ],
  "prusti-tests/tests/verify/pass/quick/mut-borrows.rs": [
    2.8438786460000074,
    0.14256977800005188,
    0.14170928599992294,
    0.14302327400002923,
    0.14246637899998404,
    0.14241147900008855,
    0.14249017899999217,
    0.14379136699994888,
    0.1425964779999731,
    0.1428961749999189
  ],
  "prusti-tests/tests/verify/pass/quick/shared-borrows.rs": [
    1.8054085589999431,
    0.08602910199999769,
    0.08381752299999334,
    0.08350492599993231,
    0.0832514280000396,
    0.08269303300005504,
    0.08229693700002372,
    0.08395812100002331,
    0.08340442700000494,
    0.08320912899989708
  ],
  "prusti-tests/tests/verify/pass/quick/trait-contracts-refinement.rs": [
    1.5323107930000788,
    0.12594307699998808,
    0.12672416899999916,
    0.12657547000003433,
    0.126861966999968,
    0.12580227900002683,
    0.12551868200000627,
    0.12665766899999653,
    0.12539878400002635,
    0.1268709090001039
  ],
  "prusti-tests/tests/verify/pass/quick/routes.rs": [
    5.045164732999979,
    0.3185729199999514,
    0.3185854199999767,
    0.3178846270000122,
    0.3185075200000256,
    0.3192517120000957,
    0.317805427000053,
    0.3188226180000129,
    0.3186121190000222,
    0.317978900000071
  ],
  "prusti-tests/tests/verify/pass/quick/fibonacci.rs": [
    0.333586103000016,
    0.3360540140000694,
    0.3360548140000219,
    0.3340611419999959,
    0.33197787000005974,
    0.33365254700004243,
    0.3358215180001025,
    0.33465733299999556,
    0.3352473259999442,
    0.33360454800003936
  ],
  "prusti-tests/tests/verify/pass/pure-fn/len-lookup.rs": [
    3.4800822119999566,
    0.1989717850000261,
    0.1999420709998958,
    0.1995947770000157,
    0.20019256799992036,
    0.20031920699989314,
    0.1986681260000296,
    0.19871802199998,
    0.1986494230000062,
    0.201822084000014
  ],
  "prusti-tests/tests/verify/pass/pure-fn/quantifiers.rs": [
    2.145245026999987,
    0.18327820600006817,
    0.17396261800001867,
    0.17482870799994998,
    0.17425111499994728,
    0.1763975889999756,
    0.17351242300003378,
    0.17550909900000988,
    0.17355522299999393,
    0.17350192300000344
  ],
  "prusti-tests/tests/verify/pass/pure-fn/recursive-pure-fn.rs": [
    1.824861262000013,
    0.13474058700001024,
    0.13246641500006717,
    0.13239351599997917,
    0.13190852200000336,
    0.13267411200001789,
    0.13418189399999392,
    0.13244871499989586,
    0.13247661399998378,
    0.13180242199996428
  ],
  "prusti-tests/tests/verify/pass/pure-fn/ref-mut-arg.rs": [
    2.738646894999988,
    0.16721402100006344,
    0.16373876200009363,
    0.1642830559999311,
    0.16501274699999158,
    0.16595203500003208,
    0.1647464499999387,
    0.16551734099994064,
    0.16538644199999908,
    0.16533294300006673
  ],
  "prusti-tests/tests/verify/pass/rosetta/Ackermann_function.rs": [
    1.825657791000026,
    0.20184131099995284,
    0.20115671899998233,
    0.2016864130000613,
    0.20198930900005507,
    0.20122641800003294,
    0.20121531800009507,
    0.20344219200001135,
    0.20162461400002485,
    0.20102911999993012
  ],
  "prusti-tests/tests/verify/pass/rosetta/Heapsort.rs": [
    9.315851393999992,
    0.9196848240000008,
    0.9220675000000256,
    0.924524675999919,
    0.9229733910000277,
    0.9190289299999677,
    0.9222209990000465,
    0.9197298240000009,
    0.9193248269999685,
    0.9187405080000417
  ]
}