{
  "prusti-tests/tests/verify/pass/rosetta/Knuth_shuffle.rs": [
    2.190623819000052,
    1.946822382999926,
    1.88690804700002,
    1.87192878999997,
    1.8816756160000523,
    1.8765380020000748,
    1.8154911330000232,
    1.800484181999991,
    1.8791812829999799,
    1.7780074249999416
  ],
  "prusti-tests/tests/verify/pass/demos/account.rs": [
    1.7007412639999302,
    1.7135308860000578,
    1.6837139400000751,
    1.696502907000081,
    1.6856537779999599,
    1.718975199000056,
    1.6769820680000294,
    1.6966761170000382,
    1.6722618559999773,
    1.6721037559999559
  ],
  "prusti-tests/tests/verify/pass/rosetta/Knights_tour.rs": [
    101.76462247799998,
    94.33798425700002,
    96.77624919499999,
    95.506905028,
    98.26058386499994,
    95.95386775099996,
    93.511802923,
    95.88245366800015,
    95.99606646400002,
    96.71595883299983
  ],
  "prusti-tests/tests/verify/pass/quick/fold-unfold.rs": [
    1.1236538589998872,
    1.1455087179999737,
    1.1238039590000426,
    1.1192061470001136,
    1.1358131309998498,
    1.124175551999997,
    1.1273862599998665,
    1.1320943719999832,
    1.1270319590000781,
    1.1231452320000699
  ],
  "prusti-tests/tests/verify/pass/quick/moves.rs": [
    1.3619940850001058,
    1.3657832489998327,
    1.3661880290001136,
    1.3557803000001059,
    1.360816214000124,
    1.3665107299998454,
    1.368602735999957,
    1.3707120460001079,
    1.360960175999935,
    1.3659722889999557
  ],
  "prusti-tests/tests/verify/pass/quick/mut-borrows.rs": [
    2.688087267000128,
    2.69807148100017,
    2.692260853999869,
    2.737695469000073,
    2.701182777999975,
    2.682002427000043,
    2.6768500130001485,
    2.683219933999908,
    2.712043619999804,
    2.6824151419998543
  ],
  "prusti-tests/tests/verify/pass/quick/shared-borrows.rs": [
    1.7012642150000374,
    1.7048832549999133,
    1.7103431699999874,
    1.7111205730000165,
    1.7157811850001963,
    1.701454775000002,
    1.703747630999942,
    1.712975156000084,
    1.7211506769999687,
    1.7019688269999733
  ],
  "prusti-tests/tests/verify/pass/quick/trait-contracts-refinement.rs": [
    1.4809259019998535,
    1.4459621249998236,
    1.492302767999945,
    1.4231637010000213,
    1.4219353880000654,
    1.461875652999879,
    1.4367388640000627,
    1.4341845520000334,
    1.4584502679999787,
    1.422072393999997
  ],
  "prusti-tests/tests/verify/pass/quick/routes.rs": [
    4.79056806299991,
    4.469827390999853,
    4.399723471000016,
    4.2745538929998474,
    4.302448382999955,
    4.235294368000041,
    4.302319550999982,
    4.378443345000051,
    4.249812320000046,
    4.383659451999847
  ],
  "prusti-tests/tests/verify/pass/quick/fibonacci.rs": [
    5.497200518999989,
    5.494541372999947,
    5.526158979999991,
    5.496223990999852,
    5.555107724000209,
    5.455004780000081,
    5.478303804999996,
    5.5191149710001355,
    5.499385843000027,
    5.5722998109999935
  ],
  "prusti-tests/tests/verify/pass/pure-fn/len-lookup.rs": [
    3.1347305110000434,
    3.1612279759999637,
    3.1708943140001793,
    3.1202762200000507,
    3.1184303830000317,
    3.1545737740000277,
    3.11959541300007,
    3.129267777999985,
    3.1295043739999073,
    3.129197465000061
  ],
  "prusti-tests/tests/verify/pass/pure-fn/quantifiers.rs": [
    1.9735788650000359,
    1.9518245120000302,
    1.9442951930000163,
    1.92530085899989,
    1.9770227060000707,
    1.9643467739999778,
    1.9664856790000158,
    1.9572975549999683,
    1.9587388150000606,
    1.9385743640000328
  ],
  "prusti-tests/tests/verify/pass/pure-fn/recursive-pure-fn.rs": [
    1.72409682600005,
    1.7080212850000862,
    1.7346775999999409,
    1.7106102099999134,
    1.7155342220000875,
    1.7064802990000771,
    1.726177947999986,
    1.710675725000101,
    1.7345609789999799,
    1.7057366100000309
  ],
  "prusti-tests/tests/verify/pass/pure-fn/ref-mut-arg.rs": [
    2.5742224030000216,
    2.636589253000011,
    2.5423228859999654,
    2.5680114669999057,
    2.6278036229998634,
    2.545575296999914,
    2.5694418780001342,
    2.618164027000148,
    2.551167792000115,
    2.597870798000031
  ],
  "prusti-tests/tests/verify/pass/rosetta/Ackermann_function.rs": [
    1.7218435239999508,
    1.7110243249999257,
    1.708335519000002,
    1.7035631080000257,
    1.7282054639999842,
    1.7182982429999356,
    1.7021549620001224,
    1.7235549089998585,
    1.7077487740000379,
    1.7072583730000588
  ],
  "prusti-tests/tests/verify/pass/rosetta/Heapsort.rs": [
    9.08694192400003,
    8.969454540000015,
    9.015058903999943,
    8.899803362000057,
    8.638551190000044,
    8.726446151000118,
    8.746730969000055,
    8.789899778000063,
    8.87169411900004,
    8.935809281000274
  ]
}