{
  "prusti-tests/tests/verify/pass/rosetta/Knuth_shuffle.rs": [
    2.413267002999987,
    2.0081468820000055,
    2.0071576270000833,
    1.9637760169999865,
    1.983633159999954,
    2.011457061000101,
    1.9168657619999294,
    1.969635874000005,
    1.9071687370000063,
    1.9147724899999048
  ],
  "prusti-tests/tests/verify/pass/demos/account.rs": [
    1.8266628740000215,
    1.7953743389999772,
    1.7967980849999776,
    1.835089057999994,
    1.7822753819999662,
    1.8099407670000573,
    1.795690097999909,
    1.8102561030000288,
    1.7896665539999503,
    1.778909676000012
  ],
  "prusti-tests/tests/verify/pass/rosetta/Knights_tour.rs": [
    103.7232910439999,
    100.99547709000001,
    99.05847905400014,
    100.5392455000001,
    99.71611706499993,
    100.89666451799985,
    98.33897220799986,
    99.99272720999988,
    97.27412296099988,
    97.0482149689999
  ],
  "prusti-tests/tests/verify/pass/quick/fold-unfold.rs": [
    1.187365944000021,
    1.1793678869998985,
    1.179725289000089,
    1.186101145000066,
    1.207633278000003,
    1.191801766000026,
    1.1851349180001307,
    1.187222432999988,
    1.1925856709999607,
    1.1952370470000915
  ],
  "prusti-tests/tests/verify/pass/quick/moves.rs": [
    1.444634060999988,
    1.442573849999917,
    1.4386760259999392,
    1.4328992920000019,
    1.4344800010001109,
    1.456658354999945,
    1.4522711760000675,
    1.4268159969999488,
    1.4390227820001655,
    1.4398740880001242
  ],
  "prusti-tests/tests/verify/pass/quick/mut-borrows.rs": [
    2.8398974389999694,
    2.84115930400003,
    2.84093390299995,
    2.8495576000000256,
    2.8533904500000062,
    2.83256489900009,
    2.832479223000064,
    2.827388802000087,
    2.8439815239999007,
    2.839870823000183
  ],
  "prusti-tests/tests/verify/pass/quick/shared-borrows.rs": [
    1.8011089000001448,
    1.8142543919998388,
    1.8025151309998364,
    1.8111783100000594,
    1.7982530179999685,
    1.7954156980001699,
    1.8016170430000784,
    1.8147880220001298,
    1.8041063630000735,
    1.807353884999884
  ],
  "prusti-tests/tests/verify/pass/quick/trait-contracts-refinement.rs": [
    1.5686136220001572,
    1.5206576880000284,
    1.5278067669999018,
    1.510388244999831,
    1.5172071930001039,
    1.5110435499998403,
    1.5239710410000953,
    1.530894336000074,
    1.5084068950000074,
    1.5169476549999672
  ],
  "prusti-tests/tests/verify/pass/quick/routes.rs": [
    4.909013189999996,
    4.721521456000119,
    4.529749090999985,
    4.580543963000082,
    4.515576666000015,
    4.557312815000159,
    4.5714252759999,
    4.584154095000031,
    4.52096887499988,
    4.444526859999996
  ],
  "prusti-tests/tests/verify/pass/quick/fibonacci.rs": [
    5.855817014999957,
    5.788503911000134,
    5.8603380689999085,
    5.887517273999947,
    5.754528638000011,
    5.820055159999811,
    5.808143340000015,
    5.823167441999885,
    5.76761099600003,
    5.749329708999994
  ],
  "prusti-tests/tests/verify/pass/pure-fn/len-lookup.rs": [
    3.3027299889999995,
    3.3118008699998427,
    3.3001204170000165,
    3.346413494999979,
    3.314295697000034,
    3.329941505999841,
    3.328678774000082,
    3.328151139000056,
    3.321481554000002,
    3.294253979000132
  ],
  "prusti-tests/tests/verify/pass/pure-fn/quantifiers.rs": [
    2.044464722999919,
    2.0666668809999464,
    2.054740499000218,
    2.0451360319998457,
    2.057835920999878,
    2.0695451010001307,
    2.081719585999963,
    2.069852702999924,
    2.0715610140000535,
    2.072055612999975
  ],
  "prusti-tests/tests/verify/pass/pure-fn/recursive-pure-fn.rs": [
    1.8273857990000124,
    1.8165169230001084,
    1.8031963290000022,
    1.8094475810000858,
    1.8476170550000006,
    1.8160653340000863,
    1.8001005220000934,
    1.8214566720000676,
    1.814024924000023,
    1.8308933430000707
  ],
  "prusti-tests/tests/verify/pass/pure-fn/ref-mut-arg.rs": [
    2.9147328449998895,
    2.706714990999899,
    2.7316610690002108,
    2.8057619880000857,
    2.7304086640001515,
    2.79642102899993,
    2.689129976000004,
    2.6925620039999103,
    2.7737349770000037,
    2.6958019290000266
  ],
  "prusti-tests/tests/verify/pass/rosetta/Ackermann_function.rs": [
    1.8082898190000378,
    1.8149666750000506,
    1.8059956120000606,
    1.8016774810000697,
    1.811037343999942,
    1.8150990619999448,
    1.8048039889999927,
    1.811947039000188,
    1.8092180200001167,
    1.810658624000098
  ],
  "prusti-tests/tests/verify/pass/rosetta/Heapsort.rs": [
    9.400235075999944,
    9.508842663999985,
    9.319175025000277,
    9.07005693300016,
    9.146347491000142,
    9.222735950999777,
    9.29242831700003,
    9.439621847000126,
    9.243603639999947,
    9.14771881300021
  ]
}