{
  "prusti-tests/tests/verify/pass/rosetta/Knuth_shuffle.rs": [
    2.557796082999971,
    0.3226190630000474,
    0.31436043000007885,
    0.31254826699989735,
    0.3122466730000042,
    0.313246452000044,
    0.31293395900001997,
    0.3125126680000676,
    0.3120169779999742,
    0.3124519689999943
  ],
  "prusti-tests/tests/verify/pass/demos/account.rs": [
    2.091477311999938,
    0.11738125800002308,
    0.11835474100007559,
    0.11927742400007446,
    0.11890952999999627,
    0.11758855499999754,
    0.11757005399999798,
    0.11834064100003161,
    0.11910692699996162,
    0.11921022500007439
  ],
  "prusti-tests/tests/verify/pass/rosetta/Knights_tour.rs": [
    101.34974037100005,
    2.163404528000001,
    2.16517799199994,
    2.166860268999926,
    2.172536014000002,
    2.164233041999978,
    2.166747614999963,
    2.166004826999938,
    2.16936135200001,
    2.1733794709999756
  ],
  "prusti-tests/tests/verify/pass/quick/fold-unfold.rs": [
    1.2312525610000193,
    0.0891019299999698,
    0.08876373400005377,
    0.08902103100001568,
    0.08826844199995776,
    0.08855243799996515,
    0.08799774699991758,
    0.08854253799995604,
    0.08907632899990858,
    0.08829564200004825
  ],
  "prusti-tests/tests/verify/pass/quick/moves.rs": [
    1.4719248600000583,
    0.08577018100004352,
    0.08533388799992281,
    0.08706676100007371,
    0.08551878399998714,
    0.08700836200000595,
    0.08656066800006101,
    0.0848776950000456,
    0.085784579999995,
    0.0861328760000788
  ],
  "prusti-tests/tests/verify/pass/quick/mut-borrows.rs": [
    2.864163867000002,
    0.1433981229999972,
    0.14340002300002652,
    0.1428418299999521,
    0.14335542399999213,
    0.14817605700000058,
    0.14469870500010984,
    0.1437640179999562,
    0.14236203699999805,
    0.14451970700008587
  ],
  "prusti-tests/tests/verify/pass/quick/shared-borrows.rs": [
    1.8246970420000252,
    0.08480472999997346,
    0.08488812899997811,
    0.08308395500000643,
    0.08451533400000244,
    0.0835830480000368,
    0.08418653900002937,
    0.08479253099994821,
    0.08436263699991287,
    0.0836818459999904
  ],
  "prusti-tests/tests/verify/pass/quick/trait-contracts-refinement.rs": [
    1.5375254499999755,
    0.1256892380000636,
    0.125991231999933,
    0.12677862099997128,
    0.12532904299996517,
    0.12750480900001548,
    0.1262984279999273,
    0.1262885290000213,
    0.12615501100003712,
    0.12573251699996035
  ],
  "prusti-tests/tests/verify/pass/quick/routes.rs": [
    5.23000721599999,
    0.32310101699999905,
    0.32065345199998774,
    0.3243556989999661,
    0.32506168899999466,
    0.3243752429999631,
    0.32145204699997976,
    0.3224346310000783,
    0.32433113299998695,
    0.32253976699996656
  ],
  "prusti-tests/tests/verify/pass/quick/fibonacci.rs": [
    0.3421353410000165,
    0.3408648560000529,
    0.3395398699999532,
    0.3416068459999906,
    0.3431231289999914,
    0.338245286000074,
    0.33863308100001177,
    0.34229343899994547,
    0.34110815300005015,
    0.3398277669999743
  ],
  "prusti-tests/tests/verify/pass/pure-fn/len-lookup.rs": [
    3.4896612300000243,
    0.20206255100004,
    0.19992168399994625,
    0.20016278000002785,
    0.20083606800005782,
    0.20309047700004612,
    0.20449765900002603,
    0.20306877600000917,
    0.2031389759999911,
    0.20239308500003972
  ],
  "prusti-tests/tests/verify/pass/pure-fn/quantifiers.rs": [
    2.1390012199999546,
    0.18427030999998806,
    0.17503272499993727,
    0.1768907019999233,
    0.1763342089999469,
    0.17659910500003662,
    0.1753894199999877,
    0.17572231699989516,
    0.17646430700006022,
    0.17710861399996247
  ],
  "prusti-tests/tests/verify/pass/pure-fn/recursive-pure-fn.rs": [
    1.8722912560000395,
    0.13645638499997403,
    0.13619688899996163,
    0.1358534949999921,
    0.13624218800009658,
    0.1361372899999651,
    0.13712677500006976,
    0.13505600600001344,
    0.13536300199996276,
    0.13418071900002815
  ],
  "prusti-tests/tests/verify/pass/pure-fn/ref-mut-arg.rs": [
    2.872488274000034,
    0.17036943800007975,
    0.16803417300002366,
    0.16862896399993588,
    0.1676304779999782,
    0.16551750899998297,
    0.16700778699998864,
    0.16627369800005454,
    0.1667781900000591,
    0.16595250299997133
  ],
  "prusti-tests/tests/verify/pass/rosetta/Ackermann_function.rs": [
    1.8541284130000122,
    0.20592472500004533,
    0.20289126900001975,
    0.20383975499998996,
    0.20653871600006823,
    0.20372285700000248,
    0.2043515479999769,
    0.2036583580000979,
    0.2038993539999865,
    0.20465834300000552
  ],
  "prusti-tests/tests/verify/pass/rosetta/Heapsort.rs": [
    10.043459965000011,
    0.9274295869998923,
    0.9257133109999813,
    0.9304734429999826,
    0.9252103180000404,
    0.9248784229999956,
    0.926911194000013,
    0.9262158480000835,
    0.9268175379999093,
    0.9232254869999679
  ]
}