{
  "prusti-tests/tests/verify/pass/rosetta/Knuth_shuffle.rs": [
    2.4085639869999795,
    2.007994394000093,
    2.007180489999996,
    2.040586529000052,
    1.9786246120000897,
    2.010304517999998,
    1.9183792190000304,
    1.9709808699999485,
    1.8996215699999084,
    1.9501433719999568
  ],
  "prusti-tests/tests/verify/pass/demos/account.rs": [
    1.8091311519999635,
    1.8154133059999822,
    1.8228099839999459,
    1.8524839680000014,
    1.7919188930000018,
    1.827600613999948,
    1.8140299609999602,
    1.8553247749999855,
    1.7854522319998978,
    1.8015215340000168
  ],
  "prusti-tests/tests/verify/pass/rosetta/Knights_tour.rs": [
    102.6837838560001,
    103.23314803200003,
    102.8066721890001,
    99.26951686300004,
    100.00486759399996,
    103.52569820399981,
    99.48617166400004,
    101.92396330799988,
    100.54873195000005,
    99.90850319699985
  ],
  "prusti-tests/tests/verify/pass/quick/fold-unfold.rs": [
    1.2023852419999912,
    1.21143989899997,
    1.1956471990001774,
    1.1989761199999975,
    1.2035627909999675,
    1.1997788600001513,
    1.190355099999806,
    1.1980163480000101,
    1.203166280000005,
    1.2037792839998929
  ],
  "prusti-tests/tests/verify/pass/quick/moves.rs": [
    1.466654945000073,
    1.4465478080001049,
    1.461224004000087,
    1.4622642100000576,
    1.4483562200000506,
    1.4491735250001057,
    1.4547832480000125,
    1.4525552129998687,
    1.4624181770000177,
    1.4514330059998883
  ],
  "prusti-tests/tests/verify/pass/quick/mut-borrows.rs": [
    2.874176398000145,
    2.868202302999862,
    2.8665402159999758,
    2.8608753159999196,
    2.878238339000063,
    2.8695141390001027,
    2.8754619229998752,
    2.8771149730000616,
    2.8769048720000683,
    2.8576058219998686
  ],
  "prusti-tests/tests/verify/pass/quick/shared-borrows.rs": [
    1.8148931309999625,
    1.8190350699999271,
    1.8328393020001386,
    1.8260067009998693,
    1.8196598020001602,
    1.8192406979999305,
    1.8210164140000416,
    1.8188196080000125,
    1.818655716000194,
    1.8156254709999757
  ],
  "prusti-tests/tests/verify/pass/quick/trait-contracts-refinement.rs": [
    1.559384983999962,
    1.5383853289999934,
    1.5390328790001604,
    1.5229076169998734,
    1.5264908859999196,
    1.5268052619999253,
    1.523577456999874,
    1.5331808559999445,
    1.5252659889999904,
    1.5313840750000054
  ],
  "prusti-tests/tests/verify/pass/quick/routes.rs": [
    5.104938995000111,
    4.755685525999979,
    4.756472645000031,
    4.623374581000007,
    4.688846743999875,
    4.56409686500001,
    4.6665861480000785,
    4.584235828000146,
    4.656088111999907,
    4.594545901000174
  ],
  "prusti-tests/tests/verify/pass/quick/fibonacci.rs": [
    5.979166924000083,
    5.8678678220001075,
    5.930870296999956,
    5.94634781700006,
    5.902113792999899,
    5.880244619999985,
    5.855243223000116,
    5.9205403890000525,
    5.854623874000026,
    5.878883523000013
  ],
  "prusti-tests/tests/verify/pass/pure-fn/len-lookup.rs": [
    3.3800375640000766,
    3.387653789999831,
    3.3552487720000954,
    3.394486711999889,
    3.349868479000179,
    3.352633380000043,
    3.38503101099991,
    3.3879127010000047,
    3.3983695049998914,
    3.400291425999967
  ],
  "prusti-tests/tests/verify/pass/pure-fn/quantifiers.rs": [
    2.0867414209999424,
    2.0986553840000397,
    2.094692731999885,
    2.06828378299997,
    2.06908184100007,
    2.0709384760000376,
    2.074206014000083,
    2.0698800640000172,
    2.0934980100000757,
    2.087196234999965
  ],
  "prusti-tests/tests/verify/pass/pure-fn/recursive-pure-fn.rs": [
    1.8474993370000448,
    1.893297289999964,
    1.8558996439999191,
    1.8463461420001295,
    1.8406533459999537,
    1.8509235180001724,
    1.8698163430001387,
    1.843660787999852,
    1.8450951060001444,
    1.8435784870000589
  ],
  "prusti-tests/tests/verify/pass/pure-fn/ref-mut-arg.rs": [
    2.7693692709999596,
    2.781971332000012,
    2.7813861259999157,
    2.8134242300000096,
    2.750937781999937,
    2.740925963999871,
    2.819381433999979,
    2.7507109669998044,
    2.7712537560000783,
    2.7626176100000066
  ],
  "prusti-tests/tests/verify/pass/rosetta/Ackermann_function.rs": [
    1.834863531999872,
    1.8565847280001435,
    1.8625066949998654,
    1.8486941330002082,
    1.8700404290002552,
    1.8300642999997763,
    1.8528441360003853,
    1.8324172029997499,
    1.8400748720000593,
    1.832410901000003
  ],
  "prusti-tests/tests/verify/pass/rosetta/Heapsort.rs": [
    9.420957417999944,
    9.309375497000019,
    9.388726983000197,
    9.414305864999733,
    9.558450642000025,
    9.647114557999885,
    9.221765885999957,
    9.225036627000009,
    9.392290461999892,
    9.368446871999822
  ]
}