{
  "prusti-tests/tests/verify/pass/rosetta/Knuth_shuffle.rs": [
    2.6651755569999978,
    0.34356623299993316,
    0.3382885209999813,
    0.33705834199997753,
    0.3399308939999628,
    0.33840801899998496,
    0.34118327099997714,
    0.33932478600002014,
    0.33771951599999284,
    0.3372980239998924
  ],
  "prusti-tests/tests/verify/pass/demos/account.rs": [
    2.1862363189999314,
    0.11945207800010849,
    0.12026256300009663,
    0.11957607500005452,
    0.11894408700004533,
    0.11926028100003805,
    0.11931698000000779,
    0.12148653999997805,
    0.12183473300001424,
    0.12197283000000425
  ],
  "prusti-tests/tests/verify/pass/rosetta/Knights_tour.rs": [
    88.19931424200001,
    2.502570146000039,
    2.4912129800000002,
    2.4944584950000035,
    2.4917689420000215,
    2.5304460580000523,
    2.4952432960000124,
    2.499086324000018,
    2.5081177949999756,
    2.4975423350000483
  ],
  "prusti-tests/tests/verify/pass/quick/fold-unfold.rs": [
    1.214027275000035,
    0.08869864899997992,
    0.08865085000002182,
    0.08860155100001066,
    0.08880784699999822,
    0.08883964699998614,
    0.08947673600005146,
    0.09021932200005267,
    0.08921054099994308,
    0.08948873599990748
  ],
  "prusti-tests/tests/verify/pass/quick/moves.rs": [
    1.4588328950000005,
    0.08530550900002254,
    0.08443652400001156,
    0.08430032599994775,
    0.0833222429999978,
    0.08410622999997486,
    0.08456702199998745,
    0.08468981900000472,
    0.08431022599995686,
    0.08353253899997526
  ],
  "prusti-tests/tests/verify/pass/quick/mut-borrows.rs": [
    2.9033863810000184,
    0.14911338000001706,
    0.1493241760000501,
    0.14993646300001728,
    0.149827766000044,
    0.14928067600010309,
    0.1494301729999279,
    0.1504480539999804,
    0.14953267099997447,
    0.14938097399999606
  ],
  "prusti-tests/tests/verify/pass/quick/shared-borrows.rs": [
    1.7884208709999712,
    0.08377951599993594,
    0.08315792700000202,
    0.08282923299998401,
    0.08330612399993242,
    0.08406270999989829,
    0.0839824109999654,
    0.08359491900000648,
    0.08274578099997143,
    0.08334173499997632
  ],
  "prusti-tests/tests/verify/pass/quick/trait-contracts-refinement.rs": [
    1.6825824320000038,
    0.1317321850000326,
    0.1305975050000825,
    0.1306378040000027,
    0.13100948600003903,
    0.13142827100000432,
    0.13122257399993487,
    0.13085518000002594,
    0.13153996900007314,
    0.13002139499997156
  ],
  "prusti-tests/tests/verify/pass/quick/routes.rs": [
    5.087886020000042,
    0.34114495299991177,
    0.3399155749999636,
    0.3403528669999787,
    0.3380744080000113,
    0.3393460849999883,
    0.3404483659999187,
    0.33883800399996744,
    0.3384963170000219,
    0.33772663100000955
  ],
  "prusti-tests/tests/verify/pass/quick/fibonacci.rs": [
    0.36445665899998403,
    0.36351297499993507,
    0.3650618479999821,
    0.3614054119999537,
    0.36390486800007693,
    0.36529644299992015,
    0.3667572179999752,
    0.36424226299993734,
    0.36668831899999077,
    0.3658877330000223
  ],
  "prusti-tests/tests/verify/pass/pure-fn/len-lookup.rs": [
    3.5505324760000576,
    0.21042393400000492,
    0.20772058499994728,
    0.21160171200006062,
    0.20827527500000542,
    0.2111047219999591,
    0.20741009100004248,
    0.20732509200001914,
    0.20915195800000674,
    0.210115739999992
  ],
  "prusti-tests/tests/verify/pass/pure-fn/quantifiers.rs": [
    2.0899896100000888,
    0.18706947399994078,
    0.18425212699992244,
    0.1829976510000506,
    0.18471781900007045,
    0.18249126099999557,
    0.18247625999993033,
    0.18136128199989798,
    0.18042509899999004,
    0.18168077600000743
  ],
  "prusti-tests/tests/verify/pass/pure-fn/recursive-pure-fn.rs": [
    1.8263925950000157,
    0.14942545700000665,
    0.13935243500009165,
    0.1395923310001308,
    0.1396660289999545,
    0.1397245269999985,
    0.13875774300004196,
    0.14028911700006574,
    0.14037431500014463,
    0.1411279020001075
  ],
  "prusti-tests/tests/verify/pass/pure-fn/ref-mut-arg.rs": [
    2.80666261500005,
    0.18450323399997615,
    0.18323355600000468,
    0.18150008700013132,
    0.18015350999985458,
    0.183616450000045,
    0.18172608300005777,
    0.18259126800012382,
    0.18975074099989797,
    0.19243919300015477
  ],
  "prusti-tests/tests/verify/pass/rosetta/Ackermann_function.rs": [
    1.8655911749999632,
    0.22536121100006312,
    0.22575030300004073,
    0.22501811699999053,
    0.22577330400008577,
    0.2250025870000627,
    0.22510698499991122,
    0.22517198300010932,
    0.22523548300000584,
    0.22375220900016757
  ],
  "prusti-tests/tests/verify/pass/rosetta/Heapsort.rs": [
    9.919621728000038,
    1.0413666690001264,
    1.0431691159999446,
    1.0392033859998264,
    1.0447225869997965,
    1.0423711239998283,
    1.0400309470001048,
    1.0439540770000804,
    1.0481910020000669,
    1.0451697559999502
  ]
}