{
  "prusti-tests/tests/verify/pass/rosetta/Knuth_shuffle.rs": [
    2.1704014680000228,
    2.030208794000032,
    1.941234095000027,
    1.9109139380000215,
    1.8997652560000233,
    1.862372937000032,
    1.8541069450000123,
    1.8894517400000268,
    1.824114064000014,
    1.837606017999974
  ],
  "prusti-tests/tests/verify/pass/demos/account.rs": [
    1.7633918850000327,
    1.73026611399996,
    1.7641514739999593,
    1.7314576850000094,
    1.750557998999966,
    1.7833461660000012,
    1.7229558889999907,
    1.7886114210000414,
    1.7193451450000339,
    1.7947614880000629
  ],
  "prusti-tests/tests/verify/pass/rosetta/Knights_tour.rs": [
    103.69712197399997,
    102.953013274,
    99.83604024199997,
    101.11961852500008,
    99.30951797500006,
    101.59115539000004,
    101.48291701199992,
    101.3821503229999,
    99.52705691000006,
    98.6923097570002
  ],
  "prusti-tests/tests/verify/pass/quick/fold-unfold.rs": [
    1.2081042370000432,
    1.217070337999985,
    1.1961308170000393,
    1.1917183690000002,
    1.2011724750000212,
    1.164087256999892,
    1.1680386010000348,
    1.1099975450001693,
    1.1439698299998327,
    1.1319212149999203
  ],
  "prusti-tests/tests/verify/pass/quick/moves.rs": [
    1.3602237009999953,
    1.4063001219999478,
    1.3669666769999367,
    1.360709505999921,
    1.3638792399999602,
    1.3856889090000095,
    1.3609161300000778,
    1.3897082549999595,
    1.4260137629999008,
    1.4068492480000714
  ],
  "prusti-tests/tests/verify/pass/quick/mut-borrows.rs": [
    2.7470879370000603,
    2.701375063999876,
    2.7145418119998794,
    2.7325061179999466,
    2.7783586359998935,
    2.830805023000039,
    2.8524618849999115,
    2.7464558010001383,
    2.701836600999968,
    2.6951702839999143
  ],
  "prusti-tests/tests/verify/pass/quick/shared-borrows.rs": [
    1.7245109109999248,
    1.7294777669999348,
    1.716680722999854,
    1.7361097349999,
    1.7439161209999838,
    1.7382473580000806,
    1.7343963139999232,
    1.708395512999914,
    1.734723952999957,
    1.7347012519999225
  ],
  "prusti-tests/tests/verify/pass/quick/trait-contracts-refinement.rs": [
    1.5033006710000336,
    1.471199413000022,
    1.4564648519999537,
    1.4150438199999371,
    1.445418559000018,
    1.520466297999974,
    1.4715405509998618,
    1.4352839450000374,
    1.4727744809999876,
    1.4253614599999764
  ],
  "prusti-tests/tests/verify/pass/quick/routes.rs": [
    4.667357961999869,
    4.397587657000031,
    4.491765215999976,
    4.331865203000007,
    4.386659731000009,
    4.288041121999868,
    4.362429562999978,
    4.295804031999978,
    4.33538613099995,
    4.305222864999905
  ],
  "prusti-tests/tests/verify/pass/quick/fibonacci.rs": [
    5.56988388700006,
    5.506239630999971,
    5.49400602500009,
    5.513228407000042,
    5.586383182999953,
    5.643567343999848,
    5.516465991999894,
    5.602838883999993,
    5.610075370000004,
    5.483615144999931
  ],
  "prusti-tests/tests/verify/pass/pure-fn/len-lookup.rs": [
    3.2019922970000607,
    3.206656702999908,
    3.2027898589999495,
    3.1697850840000683,
    3.1621865969998453,
    3.127003400999911,
    3.153769902000022,
    3.1787130820000584,
    3.128604856000038,
    3.146422177999966
  ],
  "prusti-tests/tests/verify/pass/pure-fn/quantifiers.rs": [
    1.9829272069998751,
    1.9873840700001892,
    1.952946595000185,
    1.9751168430000234,
    1.985116355000173,
    1.9840065980001782,
    1.9575668469999528,
    1.9625282029999198,
    1.9954888719998962,
    2.0677064740000333
  ],
  "prusti-tests/tests/verify/pass/pure-fn/recursive-pure-fn.rs": [
    1.7915252740001506,
    1.7285217680000642,
    1.7372858659998656,
    1.7738059759999487,
    1.7239274230000774,
    1.803539815000022,
    1.8084475699999984,
    1.831568728999855,
    1.7588318240000262,
    1.730774915999973
  ],
  "prusti-tests/tests/verify/pass/pure-fn/ref-mut-arg.rs": [
    2.5901444570001786,
    2.6306480110001758,
    2.547309999999925,
    2.6269013889998405,
    2.681213695999986,
    2.5997906630000216,
    2.600137872000005,
    2.828797237999879,
    2.553001039999799,
    2.5697861280000325
  ],
  "prusti-tests/tests/verify/pass/rosetta/Ackermann_function.rs": [
    1.7625374720000764,
    1.7340183289998095,
    1.7483569209998677,
    1.7506602469998143,
    1.743423464999978,
    1.7408291369999915,
    1.7591571200000544,
    1.7242520740001055,
    1.7389500359997783,
    1.753561697999885
  ],
  "prusti-tests/tests/verify/pass/rosetta/Heapsort.rs": [
    8.992048522999994,
    8.900140868000108,
    8.958920107999802,
    9.052709493000293,
    8.656581764999828,
    8.792753806000292,
    9.151787197999965,
    8.931876408000335,
    8.870562358999905,
    9.286553422999987
  ]
}