{
  "prusti-tests/tests/verify/pass/rosetta/Knuth_shuffle.rs": [
    2.8978462349999745,
    2.4359456149999232,
    2.575139184999898,
    2.539183929999922,
    2.543891475999999,
    2.3466000100000883,
    2.490049183999986,
    2.613333108000006,
    2.3913704170000756,
    2.404482555999948
  ],
  "prusti-tests/tests/verify/pass/demos/account.rs": [
    2.319908938000026,
    2.2182113429998935,
    2.245203575000005,
    2.268979229000024,
    2.2085796889999756,
    2.2548858239999845,
    2.1882511290000366,
    2.316417427999909,
    2.2078139770000007,
    2.20542633499997
  ],
  "prusti-tests/tests/verify/pass/rosetta/Knights_tour.rs": [
    135.17474073199992,
    131.32499257899997,
    129.24573190399997,
    125.06688838199989,
    125.10112374999994,
    128.694792345,
    130.52165843900002,
    130.614064739,
    130.96378084999992,
    128.12341230200013
  ],
  "prusti-tests/tests/verify/pass/quick/fold-unfold.rs": [
    1.4865686879998066,
    1.506570028999704,
    1.4508703559999958,
    1.4719330560001254,
    1.49497546900011,
    1.448872670000128,
    1.4572298840002986,
    1.4743151560001024,
    1.446185454999977,
    1.489401713999996
  ],
  "prusti-tests/tests/verify/pass/quick/moves.rs": [
    1.7078193460001785,
    1.7212848619997203,
    1.7464029620000474,
    1.7459575370003222,
    1.8131441820000873,
    1.7880774909999673,
    1.7942507990001104,
    1.804351570000108,
    1.7694524940002339,
    1.7687046109999756
  ],
  "prusti-tests/tests/verify/pass/quick/mut-borrows.rs": [
    3.5623621849999836,
    3.514274005000061,
    3.4710100520001106,
    3.529308237999885,
    3.596856737000053,
    3.5713856520001173,
    3.5703675370000383,
    3.511776372999975,
    3.5110890840001048,
    3.4093085849999625
  ],
  "prusti-tests/tests/verify/pass/quick/shared-borrows.rs": [
    2.1878483099999357,
    2.173406955000246,
    2.1835244190001504,
    2.1975995500001773,
    2.1791102040001533,
    2.1522944680000364,
    2.1601056760000574,
    2.1190252709998276,
    2.1793747629999416,
    2.1725821019999785
  ],
  "prusti-tests/tests/verify/pass/quick/trait-contracts-refinement.rs": [
    1.9141456830002426,
    1.9112812360003772,
    1.8341619719999471,
    1.8668728349998673,
    1.9225946239998848,
    1.8653025549997437,
    1.9179917850001402,
    1.9726452350000727,
    1.908394344000044,
    1.9075575960000606
  ],
  "prusti-tests/tests/verify/pass/quick/routes.rs": [
    6.633897456999875,
    6.122005598999749,
    6.089080706000004,
    6.190420977000031,
    5.897001842000009,
    6.028687747999811,
    5.8362942280000425,
    5.87968358299986,
    5.865359313999761,
    5.908191483000337
  ],
  "prusti-tests/tests/verify/pass/quick/fibonacci.rs": [
    7.310969438000029,
    7.346553006000249,
    7.41594540899996,
    7.362338322999676,
    7.091250860999935,
    7.411125317000369,
    7.580341792000127,
    7.521194846000071,
    7.531738885999857,
    7.855908806000116
  ],
  "prusti-tests/tests/verify/pass/pure-fn/len-lookup.rs": [
    4.406235624000146,
    4.378205527000318,
    4.420120917000077,
    4.556773113999952,
    4.409577924000132,
    4.325528644999849,
    4.180902003000028,
    4.0612942919997295,
    4.034124845999941,
    4.073568500999954
  ],
  "prusti-tests/tests/verify/pass/pure-fn/quantifiers.rs": [
    2.524764154999957,
    2.5997591459999967,
    2.5283051820001674,
    2.6219837100002223,
    2.712080485000115,
    2.681679749000068,
    2.684470607000094,
    2.6345331730003636,
    2.5733840960001544,
    2.531046284999775
  ],
  "prusti-tests/tests/verify/pass/pure-fn/recursive-pure-fn.rs": [
    2.1993973720000213,
    2.2339585639997495,
    2.2170674060002966,
    2.283505946999867,
    2.2035041529998125,
    2.307947108999997,
    2.3797079010000743,
    2.2923564239999905,
    2.351370792000125,
    2.4519564269999137
  ],
  "prusti-tests/tests/verify/pass/pure-fn/ref-mut-arg.rs": [
    3.5652459090001685,
    3.574220017999778,
    3.564411048999773,
    3.6120642060000137,
    3.5956518210000468,
    3.4912346560004153,
    3.4681331409997256,
    3.45269973700033,
    3.6152229599997554,
    3.361559687999943
  ],
  "prusti-tests/tests/verify/pass/rosetta/Ackermann_function.rs": [
    2.1680403259997547,
    2.1944437329998436,
    2.1426773520001916,
    2.111155802000212,
    2.1079686210000546,
    2.1480991060002452,
    2.1418156570002793,
    2.1980973390000145,
    2.168148229000053,
    2.1384932380001374
  ],
  "prusti-tests/tests/verify/pass/rosetta/Heapsort.rs": [
    11.053401877999931,
    11.216688472999977,
    11.083687788999669,
    10.827408453000317,
    11.072987317999832,
    11.843213862000084,
    11.977647343999706,
    11.895454162000078,
    12.190861723000125,
    11.889892017999955
  ]
}