{
  "prusti-tests/tests/verify/pass/rosetta/Knuth_shuffle.rs": [
    2.386146252000003,
    2.058427869999946,
    2.017538036000019,
    1.9639437170000065,
    1.8805767190000324,
    1.9744809320000059,
    1.9453074379999862,
    1.9145657100000335,
    1.8710071900000003,
    1.9306793959999595
  ],
  "prusti-tests/tests/verify/pass/demos/account.rs": [
    1.760911166000028,
    1.74627423000004,
    1.7612365559999716,
    1.766119855999932,
    1.7416683580000836,
    1.7365213530000574,
    1.7343142860000853,
    1.7617534439999645,
    1.735199003000048,
    1.7477959600000759
  ],
  "prusti-tests/tests/verify/pass/rosetta/Knights_tour.rs": [
    102.58277255600001,
    98.87102023399996,
    100.4741760710001,
    99.78280468399998,
    99.49704350399998,
    98.73695479000003,
    100.2295542459999,
    100.51568369300003,
    99.49434011799985,
    101.6720809420001
  ],
  "prusti-tests/tests/verify/pass/quick/fold-unfold.rs": [
    1.1635217900000043,
    1.14565153500007,
    1.146201345999998,
    1.1407388340001035,
    1.153383592999944,
    1.1582190909998644,
    1.1659512500000346,
    1.166144549999899,
    1.1553505290000885,
    1.1512905459999274
  ],
  "prusti-tests/tests/verify/pass/quick/moves.rs": [
    1.3897619219999342,
    1.376152144000116,
    1.391869965999831,
    1.3838461920001919,
    1.3839070830001674,
    1.3960087299999486,
    1.3994720010000492,
    1.3903446150000036,
    1.3928240650000134,
    1.3858828299999004
  ],
  "prusti-tests/tests/verify/pass/quick/mut-borrows.rs": [
    2.7626583769999797,
    2.798518110000032,
    2.744625749000079,
    2.772414065000021,
    2.7448725019999074,
    2.744165950000024,
    2.742371662000096,
    2.7537122940000245,
    2.774503844000037,
    2.7448551959998895
  ],
  "prusti-tests/tests/verify/pass/quick/shared-borrows.rs": [
    1.7398315200000525,
    1.7394667150001624,
    1.739616266999974,
    1.742357222999999,
    1.7298153649999222,
    1.7396596680000584,
    1.7357220070000494,
    1.7409209960001135,
    1.7355709860000843,
    1.7435965500001203
  ],
  "prusti-tests/tests/verify/pass/quick/trait-contracts-refinement.rs": [
    1.5568454209999345,
    1.4777822349999497,
    1.4806052120000004,
    1.4651622950000274,
    1.481574333000026,
    1.46892147199992,
    1.4757657860000108,
    1.5212574100000893,
    1.4664544889999434,
    1.470698776000063
  ],
  "prusti-tests/tests/verify/pass/quick/routes.rs": [
    5.0280701130000125,
    4.625524463999909,
    4.636801403999925,
    4.469672438999851,
    4.511371806999932,
    4.476809215999992,
    4.43084570100018,
    4.537556505000111,
    4.4405054449998715,
    4.538489079000101
  ],
  "prusti-tests/tests/verify/pass/quick/fibonacci.rs": [
    5.6881881780000185,
    5.741795925999895,
    5.692320251999945,
    5.784276571999953,
    5.711606055999937,
    5.667925958000069,
    5.685682555000085,
    5.687587213999905,
    5.734012484999994,
    5.657611864000046
  ],
  "prusti-tests/tests/verify/pass/pure-fn/len-lookup.rs": [
    3.243208334999963,
    3.2867237519999435,
    3.26274027799991,
    3.239717791999965,
    3.26285526200013,
    3.232879448000176,
    3.2666265540001405,
    3.245160722000037,
    3.252324703000113,
    3.221376515000202
  ],
  "prusti-tests/tests/verify/pass/pure-fn/quantifiers.rs": [
    2.0182152209999913,
    2.057183220999832,
    2.0481194210001377,
    2.038182517000223,
    2.0588173400001324,
    2.0075278889999026,
    2.0160045830002673,
    2.000935272999868,
    2.0116246920001686,
    2.013367864999964
  ],
  "prusti-tests/tests/verify/pass/pure-fn/recursive-pure-fn.rs": [
    1.7718680529997073,
    1.770620427999802,
    1.796418440999787,
    1.7685495860000628,
    1.7619005589999688,
    1.7793515379999008,
    1.7786758239999472,
    1.8181765310000628,
    1.8038307419997182,
    1.8321110770002633
  ],
  "prusti-tests/tests/verify/pass/pure-fn/ref-mut-arg.rs": [
    2.6782811869998113,
    2.7260998649999237,
    2.6693994429997474,
    2.7350815999998304,
    2.6477481110000554,
    2.6872703610001736,
    2.635922319999736,
    2.635082202999911,
    2.7370431579997785,
    2.688511353999729
  ],
  "prusti-tests/tests/verify/pass/rosetta/Ackermann_function.rs": [
    1.764775537999867,
    1.768153706999783,
    1.7611018579996198,
    1.796236176000093,
    1.7928816079997887,
    1.7589136130000043,
    1.7837240310000197,
    1.7646891949998462,
    1.775960226999814,
    1.769082285999957
  ],
  "prusti-tests/tests/verify/pass/rosetta/Heapsort.rs": [
    9.113298057000065,
    9.170132962000025,
    9.241519132000121,
    9.134085187999972,
    9.30748768400008,
    9.417815577000056,
    9.159335359000124,
    9.069926665999901,
    9.263423969000087,
    9.186036437999974
  ]
}