{
  "prusti-tests/tests/verify/pass/rosetta/Knuth_shuffle.rs": [
    2.451309965000064,
    0.30408457799990174,
    0.2936156990000427,
    0.2745747559999927,
    0.2789543900000808,
    0.2809151039999733,
    0.2744432560000405,
    0.27672777300006146,
    0.2797572960000707,
    0.27302684500000396
  ],
  "prusti-tests/tests/verify/pass/demos/account.rs": [
    1.980027232999987,
    0.11469615900000463,
    0.11565226600009737,
    0.1166338729999552,
    0.11789858299994194,
    0.11779358199999024,
    0.11587646800001039,
    0.11900779199993394,
    0.12019950100000187,
    0.11675447499999336
  ],
  "prusti-tests/tests/verify/pass/rosetta/Knights_tour.rs": [
    94.48937401800003,
    1.7530371240000022,
    1.586267373999931,
    1.5909435029999486,
    1.5901009960000465,
    1.5675487270000303,
    1.5784575090000317,
    1.586773471000015,
    1.644473898000001,
    1.7530651109999553
  ],
  "prusti-tests/tests/verify/pass/quick/fold-unfold.rs": [
    1.2023470919999681,
    0.09321779700007937,
    0.08909176700001353,
    0.091415483999981,
    0.09290689499994187,
    0.09114518100000168,
    0.09135318299991013,
    0.0920709890000353,
    0.09001417399997536,
    0.08993317299996306
  ],
  "prusti-tests/tests/verify/pass/quick/moves.rs": [
    1.4973817989999816,
    0.08784235699999954,
    0.08820955999999569,
    0.09223509000003105,
    0.0913181829999985,
    0.09048537700005,
    0.0858397420000756,
    0.08831846099997165,
    0.08655814799999462,
    0.08675944899994192
  ],
  "prusti-tests/tests/verify/pass/quick/mut-borrows.rs": [
    2.8521778120000363,
    0.14089498300006653,
    0.14053778099992087,
    0.1353041669999584,
    0.14926210600003742,
    0.1489341039999772,
    0.1492069049999145,
    0.14190248600004907,
    0.14762990099995932,
    0.14442389199996342
  ],
  "prusti-tests/tests/verify/pass/quick/shared-borrows.rs": [
    1.7835534449999386,
    0.08805323900003259,
    0.08458232999998927,
    0.08423647700010406,
    0.08493163499997536,
    0.08492543500005922,
    0.08563013999992108,
    0.08623574500006725,
    0.08543943899996975,
    0.08615684400001555
  ],
  "prusti-tests/tests/verify/pass/quick/trait-contracts-refinement.rs": [
    1.4610425679999253,
    0.13713235599993823,
    0.1372213559999409,
    0.12858737699991707,
    0.13728025599993998,
    0.1350364359999503,
    0.13597464500003298,
    0.13443492999999762,
    0.12963308600001255,
    0.1310466989999668
  ],
  "prusti-tests/tests/verify/pass/quick/routes.rs": [
    4.90151116200002,
    0.2544273290000092,
    0.28084297099997,
    0.260257882000019,
    0.25248801099996854,
    0.2838431979999996,
    0.25562973900002817,
    0.2590353599999844,
    0.2546396000000186,
    0.254004393999935
  ],
  "prusti-tests/tests/verify/pass/quick/fibonacci.rs": [
    0.3023061299999199,
    0.30468845200005035,
    0.3081920839999839,
    0.3071154739999429,
    0.3071146750000935,
    0.3034099410000408,
    0.30460715200001687,
    0.303771844000039,
    0.30396254599997974,
    0.3041063470000154
  ],
  "prusti-tests/tests/verify/pass/pure-fn/len-lookup.rs": [
    3.221548699999971,
    0.18262204999996356,
    0.18106693599997925,
    0.18334125600006246,
    0.18268304999992324,
    0.18475416900002983,
    0.18250074800005223,
    0.18881791000001158,
    0.1830645080000295,
    0.1833060100000239
  ],
  "prusti-tests/tests/verify/pass/pure-fn/quantifiers.rs": [
    1.9793084290000706,
    0.16943380299994715,
    0.16071013700002368,
    0.16181094499995652,
    0.15977742900008707,
    0.1557809979999547,
    0.1570797089999587,
    0.15951052699995216,
    0.1602026330000399,
    0.1575260120000621
  ],
  "prusti-tests/tests/verify/pass/pure-fn/recursive-pure-fn.rs": [
    1.7051503200000298,
    0.12689777599996432,
    0.12666057400008413,
    0.12482836000003772,
    0.12949649600000157,
    0.1297561979999955,
    0.12553556600005322,
    0.12907389299994065,
    0.12688017599998602,
    0.12661387399998603
  ],
  "prusti-tests/tests/verify/pass/pure-fn/ref-mut-arg.rs": [
    2.6570512460000373,
    0.1566980270000613,
    0.1586423429999968,
    0.1604464579999103,
    0.1581124390000923,
    0.1570786309999903,
    0.15700232999995478,
    0.15435450999996192,
    0.15857734300004722,
    0.15605382300009296
  ],
  "prusti-tests/tests/verify/pass/rosetta/Ackermann_function.rs": [
    1.7349698929999704,
    0.19437482299997555,
    0.19277600999998867,
    0.192723810000075,
    0.19451062400003138,
    0.1947485250000227,
    0.19229920700001912,
    0.19230810700003076,
    0.19461062400000628,
    0.1956838329999755
  ],
  "prusti-tests/tests/verify/pass/rosetta/Heapsort.rs": [
    8.968114031000027,
    0.7730728510000517,
    0.6876827400000138,
    0.7675118600000133,
    0.6783059680000179,
    0.676640754999994,
    0.6678808860000345,
    0.6684965910000074,
    0.6777434629999561,
    0.6710639110000329
  ]
}